year,month,day,transect,plot,species_code,area,method,total_biomass,biomass_notes
2015,10,30,G1,1,SPAL,0.01,harvest,370,NA
2015,10,30,G1,2,DEAD,0.01,harvest,875,DEAD
2015,10,30,G1,2,DISP,0.01,harvest,117,NA
2015,10,30,G1,2,SPPA,0.01,harvest,55,NA
2015,10,30,G1,3,DEAD,0.01,harvest,623,DEAD
2015,10,30,G1,3,SPPA,0.01,harvest,663,NA
2015,10,30,G1,4,DEAD,0.01,harvest,791,DEAD
2015,10,30,G1,4,SPPA,0.01,harvest,399,NA
2015,10,30,G1,5,DEAD,0.01,harvest,1280,DEAD
2015,10,30,G1,5,SPPA,0.01,harvest,244,NA
2015,10,30,G1,6,DEAD,0.01,harvest,891,DEAD
2015,10,30,G1,6,SCAM,0.01,harvest,72,NA
2015,10,30,G1,6,SPPA,0.01,harvest,38,NA
2015,10,30,G1,7,DEAD,0.01,harvest,312,DEAD
2015,10,30,G1,7,DISP,0.01,harvest,34,NA
2015,10,30,G1,7,SPPA,0.01,harvest,101,NA
2015,10,30,G1,7,SYTE,0.01,harvest,12,NA
2015,10,30,G1,8,DEAD,0.01,harvest,945,DEAD
2015,10,30,G1,8,DISP,0.01,harvest,28.000000000000004,NA
2015,10,30,G1,8,SPPA,0.01,harvest,118,NA
2015,10,30,G1,9,DEAD,0.01,harvest,1151,DEAD
2015,10,30,G1,9,DISP,0.01,harvest,12,NA
2015,10,30,G1,9,SPPA,0.01,harvest,82,NA
2015,10,30,G1,10,DEAD,0.01,harvest,818.9999999999999,DEAD
2015,10,30,G1,10,DISP,0.01,harvest,216,NA
2015,10,30,G1,10,SPAL,0.01,harvest,37,NA
2015,10,30,G1,11,DEAD,0.01,harvest,419.00000000000006,DEAD
2015,10,30,G1,11,SPPA,0.01,harvest,619,NA
2015,10,30,G1,12,DEAD,0.01,harvest,2396,DEAD
2015,10,30,G1,12,SPPA,0.01,harvest,146,NA
2015,10,30,G1,13,DEAD,0.01,harvest,405.99999999999994,DEAD
2015,10,30,G1,13,DISP,0.01,harvest,25,NA
2015,10,30,G1,13,SPPA,0.01,harvest,194,NA
2015,10,30,G1,14,DEAD,0.01,harvest,271,DEAD
2015,10,30,G1,14,DISP,0.01,harvest,43,NA
2015,10,30,G1,14,SCAM,0.01,harvest,83,NA
2015,10,30,G1,14,SPPA,0.01,harvest,70,NA
2015,10,30,G1,15,DEAD,0.01,harvest,992,DEAD
2015,10,30,G1,15,SPPA,0.01,harvest,171,NA
2015,10,30,G1,16,DEAD,0.01,harvest,375.99999999999994,DEAD
2015,10,30,G1,16,SPPA,0.01,harvest,141,NA
2015,10,30,G1,17,DEAD,0.01,harvest,461,DEAD
2015,10,30,G1,18,DEAD,0.01,harvest,670,DEAD
2015,10,30,G1,18,DISP,0.01,harvest,16,NA
2015,10,30,G1,18,SCAM,0.01,harvest,34,NA
2015,10,30,G1,19,DEAD,0.01,harvest,622,DEAD
2015,10,30,G2,7,DEAD,0.01,harvest,496.99999999999994,DEAD
2015,10,30,G2,7,DISP,0.01,harvest,73,NA
2015,10,30,G2,7,SPPA,0.01,harvest,155,NA
2015,10,30,G2,8,DEAD,0.01,harvest,776.9999999999999,DEAD
2015,10,30,G2,8,DISP,0.01,harvest,265,NA
2015,10,30,G2,8,SOSE,0.01,harvest,56.00000000000001,NA
2015,10,30,G2,8,SPPA,0.01,harvest,86,NA
2015,10,30,G2,9,DEAD,0.01,harvest,1202,DEAD
2015,10,30,G2,9,DISP,0.01,harvest,172,NA
2015,10,30,G2,9,SCAM,0.01,harvest,121,NA
2015,10,30,G2,9,SPPA,0.01,harvest,308,NA
2015,10,30,G3,3,DEAD,0.01,harvest,961,DEAD
2015,10,30,G3,3,DISP,0.01,harvest,375,NA
2015,10,30,G3,4,DEAD,0.01,harvest,634,DEAD
2015,10,30,G3,4,SPPA,0.01,harvest,181,NA
2015,10,30,G3,5,DEAD,0.01,harvest,30,DEAD
2015,10,30,G3,5,SPPA,0.01,harvest,41,NA
2015,10,30,R1,3,DEAD,0.01,harvest,726,DEAD
2015,10,30,R1,3,SPAL,0.01,harvest,198,NA
2015,10,30,R1,4,DEAD,0.01,harvest,91,DEAD
2015,10,30,R1,4,DISP,0.01,harvest,58.99999999999999,NA
2015,10,30,R2,1,DEAD,0.01,harvest,27,DEAD
2015,10,30,R2,1,SPAL,0.01,harvest,294,NA
2015,10,30,R3,5,SPPA,0.01,harvest,61,NA
2015,10,30,S1,1,DISP,0.01,harvest,41,NA
2015,10,30,S1,2,DEAD,0.01,harvest,200.99999999999997,DEAD
2015,10,30,S1,2,DISP,0.01,harvest,24,NA
2015,10,30,S1,2,UNKGRASS,0.01,harvest,16,NA
2015,10,30,S1,3,DEAD,0.01,harvest,952,DEAD
2015,10,30,S1,3,DISP,0.01,harvest,231.99999999999997,NA
2015,10,30,S1,3,SPPA,0.01,harvest,152,NA
2015,10,30,S1,4,DEAD,0.01,harvest,2160,DEAD
2015,10,30,S1,4,DISP,0.01,harvest,92,NA
2015,10,30,S1,4,UNKGRASS,0.01,harvest,17,NA
2015,10,30,S1,5,DEAD,0.01,harvest,53,DEAD
2015,10,30,S1,5,DISP,0.01,harvest,198,NA
2015,10,30,S2,1,DEAD,0.01,harvest,261,DEAD
2015,10,30,S2,1,SPPA,0.01,harvest,10,NA
2015,10,30,S2,2,DEAD,0.01,harvest,924,DEAD
2015,10,30,S2,2,DISP,0.01,harvest,105,NA
2015,10,30,S2,3,DEAD,0.01,harvest,206,DEAD
2015,10,30,S2,3,DISP,0.01,harvest,98,NA
2015,10,30,S2,3,SPPA,0.01,harvest,43,NA
2015,10,30,S3,2,DEAD,0.01,harvest,271,DEAD
2015,10,30,S3,2,DISP,0.01,harvest,200.99999999999997,NA
2015,10,30,S3,2,SPPA,0.01,harvest,43,NA
2015,10,30,S3,2,SYLA,0.01,harvest,109,NA
2015,10,30,S3,3,DEAD,0.01,harvest,191,DEAD
2015,10,30,S3,3,DISP,0.01,harvest,95,NA
2015,10,30,S3,3,IVFR,0.01,harvest,31,NA
2015,10,30,S3,4,DEAD,0.01,harvest,51,DEAD
2015,10,30,S3,4,DISP,0.01,harvest,32,NA
2015,10,30,S3,5,DEAD,0.01,harvest,480.99999999999994,DEAD
2015,10,30,S3,5,DISP,0.01,harvest,56.00000000000001,NA
2015,10,30,S3,5,SPPA,0.01,harvest,352,NA
2016,8,23,G1,2,DEAD,0.01,harvest,2073.98,DEAD
2016,8,23,G1,2,DISP,0.01,harvest,168.87,NA
2016,8,23,G1,3,DEAD,0.01,harvest,1136.96,DEAD
2016,8,23,G1,3,SPPA,0.01,harvest,252.32,NA
2016,8,23,G1,4,DEAD,0.01,harvest,296.59,DEAD
2016,8,23,G1,4,SPPA,0.01,harvest,1299.8,NA
2016,8,23,G1,5,DEAD,0.01,harvest,48.73,DEAD
2016,8,23,G1,5,DISP,0.01,harvest,164.47,NA
2016,8,23,G1,6,DISP,0.01,harvest,10.2,NA
2016,8,23,G1,6,SPPA,0.01,harvest,88.00999999999999,NA
2016,8,23,G1,8,DEAD,0.01,harvest,17.84,DEAD
2016,8,23,G1,8,DISP,0.01,harvest,22,NA
2016,8,23,G1,8,SPPA,0.01,harvest,500.56,NA
2016,8,23,G1,9,DEAD,0.01,harvest,59.58,DEAD
2016,8,23,G1,9,DISP,0.01,harvest,34.8,NA
2016,8,23,G1,9,SPPA,0.01,harvest,363.89,NA
2016,8,23,G1,10,DEAD,0.01,harvest,7.89,DEAD
2016,8,23,G1,10,DISP,0.01,harvest,174.25,NA
2016,8,23,G1,10,SPPA,0.01,harvest,18.78,NA
2016,8,23,G1,11,DEAD,0.01,harvest,70.53,DEAD
2016,8,23,G1,11,SPPA,0.01,harvest,215.07,NA
2016,8,23,G1,12,DISP,0.01,harvest,9.65,NA
2016,8,23,G1,12,SPPA,0.01,harvest,187.13,NA
2016,8,23,G1,13,DEAD,0.01,harvest,33.4,DEAD
2016,8,23,G1,13,SPPA,0.01,harvest,473.21,NA
2016,8,23,G1,15,DEAD,0.01,harvest,272.31,DEAD
2016,8,23,G1,15,SPPA,0.01,harvest,803.15,NA
2016,8,23,G1,16,SPPA,0.01,harvest,133.21,NA
2016,8,23,G1,17,DISP,0.01,harvest,75.21,NA
2016,8,23,G1,19,SPPA,0.01,harvest,90.05999999999999,NA
2016,8,23,G2,8,DISP,0.01,harvest,33.76,NA
2016,8,23,G2,8,SPPA,0.01,harvest,9.55,NA
2016,8,23,G2,9,SPPA,0.01,harvest,313.77,NA
2016,8,23,G3,3,SPPA,0.01,harvest,42.28,NA
2016,8,23,G3,4,DISP,0.01,harvest,494.97,NA
2016,8,23,G3,4,SPPA,0.01,harvest,50.06,NA
2016,8,23,G3,5,NA,0.01,harvest,NA,HARVEST BAG MISSING
2016,8,23,R1,4,DEAD,0.01,harvest,66.61,DEAD
2016,8,23,R1,4,DISP,0.01,harvest,296.88,NA
2016,8,23,R1,5,UNKGRASS,0.01,harvest,55.059999999999995,NA
2016,8,23,R2,1,SPPA,0.01,harvest,214.4,NA
2016,8,23,R3,5,DEAD,0.01,harvest,20.619999999999997,DEAD
2016,8,23,R3,5,SPPA,0.01,harvest,134.95,NA
2016,8,23,S1,1,DISP,0.01,harvest,60.14,NA
2016,8,23,S1,2,DISP,0.01,harvest,18.75,NA
2016,8,23,S1,3,DEAD,0.01,harvest,372.96,DEAD
2016,8,23,S1,3,DISP,0.01,harvest,680.56,NA
2016,8,23,S1,3,SPPA,0.01,harvest,40.57,NA
2016,8,23,S1,4,DEAD,0.01,harvest,94.26,DEAD
2016,8,23,S1,4,DISP,0.01,harvest,698.23,NA
2016,8,23,S1,4,SPPA,0.01,harvest,139.38,NA
2016,8,23,S1,5,DISP,0.01,harvest,200.23,NA
2016,8,23,S2,1,DISP,0.01,harvest,1148.69,NA
2016,8,23,S2,2,DEAD,0.01,harvest,29.49,DEAD
2016,8,23,S2,2,DISP,0.01,harvest,516.34,NA
2016,8,23,S2,3,DEAD,0.01,harvest,55.31,DEAD
2016,8,23,S2,3,DISP,0.01,harvest,248.74,NA
2016,8,23,S2,4,DISP,0.01,harvest,46.13999999999999,NA
2016,8,23,S2,4,SPPA,0.01,harvest,53.73,NA
2016,8,23,S2,5,DISP,0.01,harvest,96.02,NA
2016,8,23,S2,5,SPPA,0.01,harvest,315.26,NA
2016,8,23,S3,1,DEAD,0.01,harvest,59.84,DEAD
2016,8,23,S3,1,DISP,0.01,harvest,741.12,NA
2016,8,23,S3,2,SPPA,0.01,harvest,54.42,NA
2016,8,23,S3,3,DISP,0.01,harvest,163.84,NA
2017,9,18,G3,5,SPPA,0.01,harvest,149.212,NA
2017,9,19,G1,3,DEAD,0.01,harvest,81.478,DEAD
2017,9,19,G1,3,SPPA,0.01,harvest,830.9499999999999,NA
2017,9,19,G1,4,DEAD,0.01,harvest,115.348,DEAD
2017,9,19,G1,4,DISP,0.01,harvest,34.765,NA
2017,9,19,G1,4,SPPA,0.01,harvest,643.3290000000001,NA
2017,9,19,G1,5,DEAD,0.01,harvest,30.542999999999996,DEAD
2017,9,19,G1,5,SPPA,0.01,harvest,360.11,NA
2017,9,19,G1,9,DEAD,0.01,harvest,32.706,DEAD
2017,9,19,G1,9,DISP,0.01,harvest,1.469,NA
2017,9,19,G1,9,SPPA,0.01,harvest,12.796,NA
2017,9,19,G1,12,DEAD,0.01,harvest,38.005,DEAD
2017,9,19,G1,12,DISP,0.01,harvest,23.115,NA
2017,9,19,G1,12,SPPA,0.01,harvest,298.936,NA
2017,9,19,G2,9,DEAD,0.01,harvest,57.581,DEAD
2017,9,19,G2,9,DISP,0.01,harvest,117.669,NA
2017,9,19,G2,9,SPPA,0.01,harvest,321.281,NA
2017,9,20,S1,3,DEAD,0.01,harvest,366.263,DEAD
2017,9,20,S1,3,SPPA,0.01,harvest,774.463,NA
2017,9,20,S1,4,DEAD,0.01,harvest,582.939,DEAD
2017,9,20,S1,4,DISP,0.01,harvest,674.5669999999999,NA
2017,9,20,S1,4,SPPA,0.01,harvest,727.025,NA
2017,9,20,S2,1,DEAD,0.01,harvest,413.158,DEAD
2017,9,20,S2,1,DISP,0.01,harvest,134.802,NA
2017,9,20,S2,1,SPPA,0.01,harvest,10.75,NA
2017,9,20,S2,3,DEAD,0.01,harvest,481.025,DEAD
2017,9,20,S2,3,DISP,0.01,harvest,197.711,NA
2017,9,20,S2,3,SPPA,0.01,harvest,16.79,NA
2017,9,20,S2,4,DEAD,0.01,harvest,336.574,DEAD
2017,9,20,S2,4,DISP,0.01,harvest,168.058,NA
2017,9,20,S2,4,SPPA,0.01,harvest,5.537,NA
2017,9,20,S2,5,DEAD,0.01,harvest,247.823,DEAD
2017,9,20,S2,5,DISP,0.01,harvest,33.009,NA
2017,9,20,S2,5,SPPA,0.01,harvest,344.512,NA
2017,9,21,R1,2,SPPA,0.01,harvest,57.748999999999995,NA
2017,9,21,R1,4,SPPA,0.01,harvest,13.098999999999998,NA
2017,9,21,R3,5,SPPA,0.01,harvest,34.507,NA
2018,10,1,G1,14,DEAD,0.01,harvest,31.58,DEAD
2018,10,1,G1,14,SPPA,0.01,harvest,139.64,NA
2018,10,1,G1,16,DEAD,0.01,harvest,119.72,DEAD
2018,10,1,G1,16,DISP,0.01,harvest,22.83,NA
2018,10,1,G1,16,SPPA,0.01,harvest,700.72,NA
2018,10,1,G1,19,DEAD,0.01,harvest,44.93,DEAD
2018,10,1,G1,19,DISP,0.01,harvest,22.95,NA
2018,10,1,G1,19,SPPA,0.01,harvest,240.61,NA
2018,10,1,G2,7,DEAD,0.01,harvest,138.65,DEAD
2018,10,1,G2,7,DISP,0.01,harvest,141.26,NA
2018,10,1,G2,7,SPPA,0.01,harvest,812.86,NA
2018,10,1,G2,8,DEAD,0.01,harvest,172.84,DEAD
2018,10,1,G2,8,SPPA,0.01,harvest,742.5600000000001,NA
2018,10,1,G2,9,DEAD,0.01,harvest,273.84,DEAD
2018,10,1,G2,9,DISP,0.01,harvest,34.82,NA
2018,10,1,G2,9,SPPA,0.01,harvest,960.71,NA
2018,10,1,G3,5,DEAD,0.01,harvest,193.18,DEAD
2018,10,1,G3,5,SPPA,0.01,harvest,1172.7,NA
2018,10,2,G1,3,DEAD,0.01,harvest,240.89,DEAD
2018,10,2,G1,3,SPPA,0.01,harvest,726.51,NA
2018,10,2,G1,4,DEAD,0.01,harvest,240.42,DEAD
2018,10,2,G1,4,SPPA,0.01,harvest,1497.39,NA
2018,10,2,G1,5,DEAD,0.01,harvest,231.16,DEAD
2018,10,2,G1,5,DISP,0.01,harvest,43.37,NA
2018,10,2,G1,5,SPPA,0.01,harvest,1483.88,NA
2018,10,2,G1,6,DEAD,0.01,harvest,144.82999999999998,DEAD
2018,10,2,G1,6,SPPA,0.01,harvest,845.85,NA
2018,10,2,G1,7,DEAD,0.01,harvest,38.940000000000005,DEAD
2018,10,2,G1,7,SPPA,0.01,harvest,585.77,NA
2018,10,2,G1,8,DEAD,0.01,harvest,49.66,DEAD
2018,10,2,G1,8,SPPA,0.01,harvest,177.72,NA
2018,10,2,G1,9,DEAD,0.01,harvest,197.49,DEAD
2018,10,2,G1,9,SPPA,0.01,harvest,1109.16,NA
2018,10,3,S1,3,DEAD,0.01,harvest,203.93,DEAD
2018,10,3,S1,3,SPPA,0.01,harvest,773.61,NA
2018,10,3,S1,4,DEAD,0.01,harvest,29.95,DEAD
2018,10,3,S1,4,SPPA,0.01,harvest,165.91,NA
2018,10,3,S2,1,DEAD,0.01,harvest,389.17,DEAD
2018,10,3,S2,1,SPPA,0.01,harvest,4.9799999999999995,NA
2018,10,3,S2,3,DEAD,0.01,harvest,107.6,DEAD
2018,10,3,S2,3,SPPA,0.01,harvest,267.13,NA
2018,10,3,S2,4,DEAD,0.01,harvest,51.59,DEAD
2018,10,3,S2,4,SPPA,0.01,harvest,263.56,NA
2018,10,3,S2,5,DEAD,0.01,harvest,46.29,DEAD
2018,10,3,S2,5,SPPA,0.01,harvest,233.40999999999997,NA
2018,10,3,S3,4,DEAD,0.01,harvest,19.41,DEAD
2018,10,3,S3,4,SPPA,0.01,harvest,96.44,NA
2019,9,12,G1,1,AMCA,1,allometry,27.622284800236265,NA
2019,9,12,G1,1,ATPA,1,allometry,7.177288485060492,NA
2019,9,12,G1,1,PHAU,1,allometry,33.88822240942775,NA
2019,9,12,G1,1,SCRO,1,allometry,32.28659251846801,NA
2019,9,12,G1,1,SPAL,1,allometry,3.7978518141325788,NA
2019,9,12,G1,1,SPCY,1,allometry,722.2967599861151,NA
2019,9,12,G1,2,AMCA,1,allometry,0.8815459256559688,NA
2019,9,12,G1,2,POHY,1,allometry,5.451257410026118,NA
2019,9,12,G1,2,SCAM,1,allometry,3.347151931309932,NA
2019,9,12,G1,3,POHY,1,allometry,0.2678507651561796,NA
2019,9,12,G1,3,SOSE,1,allometry,39.09703894594276,NA
2019,9,12,G1,3,SPPA,0.01,harvest,910,NA
2019,9,12,G1,4,SPPA,0.01,harvest,596,NA
2019,9,12,G1,6,SCAM,1,allometry,98.51539763568933,NA
2019,9,12,G1,6,SPPA,0.01,harvest,87,NA
2019,9,12,G1,7,AMCA,1,allometry,264.68012331253635,NA
2019,9,12,G1,7,ATPA,1,allometry,2.7728057037224563,NA
2019,9,12,G1,7,POHY,1,allometry,472.30225873416384,NA
2019,9,12,G1,7,SCAM,1,allometry,43.50539219229959,NA
2019,9,12,G1,8,AMCA,1,allometry,0.16150331664964301,NA
2019,9,12,G1,8,PADI,1,allometry,148.32675660192544,NA
2019,9,12,G1,8,POHY,1,allometry,6.188217300413514,NA
2019,9,12,G1,8,SCAM,1,allometry,84.66685342357376,NA
2019,9,12,G1,8,SYTE,1,allometry,2.481604396800223,NA
2019,9,12,G1,9,KOVI,1,allometry,0.9230256085096258,NA
2019,9,12,G1,9,POHY,1,allometry,0.8771557016673508,NA
2019,9,12,G1,9,SCAM,1,allometry,121.16795468345892,NA
2019,9,12,G1,9,SOSE,1,allometry,13.13939620205521,NA
2019,9,12,G1,9,SYTE,1,allometry,2.5793165380371073,NA
2019,9,12,G1,10,KOVI,1,allometry,481.44457477779696,NA
2019,9,12,G1,10,PHAU,1,allometry,18.24331606445682,NA
2019,9,12,G1,10,POHY,1,allometry,695.8702959131383,NA
2019,9,12,G1,10,SCRO,1,allometry,36.16717857755362,NA
2019,9,12,G1,10,SPCY,1,allometry,189.6095324572869,NA
2019,9,12,G1,11,AMCA,1,allometry,158.5184327236635,NA
2019,9,12,G1,11,KOVI,1,allometry,10.526247080417972,NA
2019,9,12,G1,11,PHAU,1,allometry,36.91806091428329,NA
2019,9,12,G1,11,SCAM,1,allometry,181.0220316066161,NA
2019,9,12,G1,11,SCRO,1,allometry,14.68595141945924,NA
2019,9,12,G1,12,AMCA,1,allometry,40.40847948535352,NA
2019,9,12,G1,12,KOVI,1,allometry,9.329359874031805,NA
2019,9,12,G1,12,SCAM,1,allometry,168.43891594708154,NA
2019,9,12,G1,12,SYTE,1,allometry,10.081476661465219,NA
2019,9,12,G1,13,AMCA,1,allometry,60.92690853774352,NA
2019,9,12,G1,13,PLOD,1,allometry,1.4824467625245732,NA
2019,9,12,G1,13,SCAM,1,allometry,187.81354001232307,NA
2019,9,12,G1,14,AMCA,1,allometry,29.144761786055206,NA
2019,9,12,G1,14,ATPA,1,allometry,1.0267580032542005,NA
2019,9,12,G1,14,POHY,1,allometry,0.43694893686199876,NA
2019,9,12,G1,14,SCAM,1,allometry,567.7281101854426,NA
2019,9,12,G1,14,SYTE,1,allometry,8.806314480925426,NA
2019,9,12,G1,15,AMCA,1,allometry,116.19555607506457,NA
2019,9,12,G1,15,ATPA,1,allometry,0.23181232005152,NA
2019,9,12,G1,15,KOVI,1,allometry,6.486658907690309,NA
2019,9,12,G1,15,SCAM,1,allometry,416.2002095899892,NA
2019,9,12,G1,16,AMCA,1,allometry,71.57456914428768,NA
2019,9,12,G1,16,KOVI,1,allometry,7.44114027340663,NA
2019,9,12,G1,16,SCAM,1,allometry,305.916123926144,NA
2019,9,12,G1,17,SCAM,1,allometry,267.937354141451,NA
2019,9,12,G1,18,SCAM,1,allometry,237.71092394300354,NA
2019,9,12,G1,19,AMCA,1,allometry,0.2863472740017148,NA
2019,9,12,G1,19,SCAM,1,allometry,209.76375228054277,NA
2019,9,12,G1,20,POHY,1,allometry,0.8826143530873742,NA
2019,9,12,G1,20,TYAN,1,allometry,131.871799783075,NA
2019,9,12,G2,5,SPPA,0.01,harvest,2114,NA
2019,9,12,G2,7,DEAD,0.01,harvest,35,NA
2019,9,12,G2,7,SPPA,0.01,harvest,204.99999999999997,NA
2019,9,12,G2,8,SPPA,0.01,harvest,565,NA
2019,9,12,G2,9,SPPA,0.01,harvest,581,NA
2019,9,12,G3,1,PHAU,1,allometry,803.4486319935004,NA
2019,9,12,G3,1,SPAL,1,allometry,15.407388308018211,NA
2019,9,12,G3,2,PHAU,1,allometry,575.0132638296044,NA
2019,9,12,G3,3,AMCA,1,allometry,5.734980836664227,NA
2019,9,12,G3,3,KOVI,1,allometry,57.02143336021103,NA
2019,9,12,G3,3,PADI,1,allometry,13.23634850416216,NA
2019,9,12,G3,3,POHY,1,allometry,387.8055433460483,NA
2019,9,12,G3,3,SOSE,1,allometry,90.32722585790742,NA
2019,9,12,G3,3,SYTE,1,allometry,3.355061636501129,NA
2019,9,12,G3,4,AMCA,1,allometry,0.9677873672335511,NA
2019,9,12,G3,4,ATPA,1,allometry,0.8159584824387759,NA
2019,9,12,G3,4,KOVI,1,allometry,3.254210382804316,NA
2019,9,12,G3,4,PADI,1,allometry,19.51366421853357,NA
2019,9,12,G3,4,POHY,1,allometry,115.15375275905326,NA
2019,9,12,G3,4,SOSE,1,allometry,91.77195324197938,NA
2019,9,12,G3,4,SPPA,0.01,harvest,82,NA
2019,9,12,G3,4,SYTE,1,allometry,3.478412029895088,NA
2019,9,12,G3,5,AMCA,1,allometry,3.97789783904752,NA
2019,9,12,G3,5,DEAD,0.01,harvest,178,NA
2019,9,12,G3,5,KOVI,1,allometry,45.00556504725279,NA
2019,9,12,G3,5,PADI,1,allometry,3.2584030847385943,NA
2019,9,12,G3,5,POHY,1,allometry,18.602617485311356,NA
2019,9,12,G3,5,SOSE,1,allometry,20.539161263019913,NA
2019,9,12,G3,5,SPCY,1,allometry,563.8753336022669,NA
2019,9,12,G3,5,SPPA,0.01,harvest,336,NA
2019,9,12,G3,5,SYTE,1,allometry,9.751232813355282,NA
2019,9,12,G3,6,POHY,1,allometry,0.5523754396068965,NA
2019,9,12,G3,6,SPCY,1,allometry,1202.288001755688,NA
2019,9,13,G2,1,KOVI,1,allometry,159.85487438486612,NA
2019,9,13,G2,1,PHAU,1,allometry,544.1888102211323,NA
2019,9,13,G2,1,PLOD,1,allometry,0.7501188337521485,NA
2019,9,13,G2,2,PHAU,1,allometry,1636.2451604272276,NA
2019,9,13,G2,2,SCRO,1,allometry,7.558083531617467,NA
2019,9,13,G2,3,PHAU,1,allometry,1032.6711187561034,NA
2019,9,13,G2,3,SCRO,1,allometry,73.29057876574976,NA
2019,9,13,G2,4,PHAU,1,allometry,1053.1928095626754,NA
2019,9,13,G2,5,PHAU,1,allometry,2000.8986087915862,NA
2019,9,13,G2,6,KOVI,1,allometry,163.57720133068847,NA
2019,9,13,G2,6,PHAU,1,allometry,1234.5797529997758,NA
2019,9,13,G2,6,SCAM,1,allometry,3.1320626969965564,NA
2019,9,13,G2,6,SCRO,1,allometry,121.62930958624523,NA
2019,9,13,G2,7,SCAM,1,allometry,252.8769957096946,NA
2019,9,13,G2,8,SCAM,1,allometry,118.65006402023391,NA
2019,9,13,G2,8,SOSE,1,allometry,5.446565004526597,NA
2019,9,13,G2,9,SCAM,1,allometry,63.22328962241991,NA
2019,9,13,G2,9,SCRO,1,allometry,1.8084930849754879,NA
2019,9,13,G2,9,SOSE,1,allometry,8.68121390699109,NA
2019,9,13,G2,9,SYTE,1,allometry,0.7920488577437597,NA
2019,9,13,G2,10,PHAU,1,allometry,1474.156899571818,NA
2019,9,13,G2,10,SCRO,1,allometry,26.326145703002314,NA
2019,9,13,G2,10,TYAN,1,allometry,11.51491509884,NA
2019,9,13,G2,11,PHAU,1,allometry,1624.2418712591077,NA
2019,9,26,R2,1,PHAU,1,allometry,317.1947189901793,NA
2019,9,26,R2,2,PHAU,1,allometry,713.6490845803207,NA
2019,9,26,R2,2,SPAL,1,allometry,5.247716392640048,NA
2019,9,26,R2,3,KOVI,NA,allometry,NA,NA
2019,9,26,R2,3,PHAU,1,allometry,497.3770890070225,NA
2019,9,26,R2,3,SPAL,1,allometry,18.729690480510612,NA
2019,9,26,R2,4,PHAU,1,allometry,1126.3365420126997,NA
2019,9,26,R2,5,KOVI,1,allometry,18.481077621471265,NA
2019,9,26,R2,5,PHAU,1,allometry,1618.7475525719317,NA
2019,9,26,R3,1,PADI,1,allometry,29.084829892596872,NA
2019,9,26,R3,1,PHAU,1,allometry,247.10274742998314,NA
2019,9,26,R3,1,SCRO,1,allometry,4.544825820379613,NA
2019,9,26,R3,1,SPAL,1,allometry,9.439374474279555,NA
2019,9,26,R3,2,KOVI,1,allometry,291.9245862382742,NA
2019,9,26,R3,2,PHAU,1,allometry,249.57474444452765,NA
2019,9,26,R3,2,SCRO,1,allometry,42.272633959524214,NA
2019,9,26,R3,3,KOVI,1,allometry,61.17916098363562,NA
2019,9,26,R3,3,PHAU,1,allometry,333.52043682086725,NA
2019,9,26,R3,3,SCRO,1,allometry,69.08534884335509,NA
2019,9,26,R3,4,KOVI,1,allometry,21.588937937316423,NA
2019,9,26,R3,4,PHAU,1,allometry,966.0500041609218,NA
2019,9,26,R3,5,KOVI,1,allometry,85.55520208692127,NA
2019,9,26,R3,5,PHAU,1,allometry,693.8164032398872,NA
2019,9,26,R3,5,POHY,1,allometry,28.255093317075037,NA
2019,9,26,R3,5,SCAM,1,allometry,9.557788786696761,NA
2019,9,26,R3,5,SCRO,1,allometry,12.469536410028685,NA
2019,10,1,R1,1,PLOD,1,allometry,2.282522222768498,NA
2019,10,1,R1,1,SCRO,1,allometry,118.36549770374071,NA
2019,10,1,R1,1,SPAL,1,allometry,67.51581134701895,NA
2019,10,1,R1,2,PLOD,1,allometry,0.5836206378227331,NA
2019,10,1,R1,2,SCRO,1,allometry,218.6219311020439,NA
2019,10,1,R1,2,SPAL,1,allometry,123.0101226825466,NA
2019,10,1,R1,2,TYAN,1,allometry,8.194801794616806,NA
2019,10,1,R1,3,PLOD,1,allometry,2.7682564728892523,NA
2019,10,1,R1,3,SCRO,1,allometry,344.53099763364105,NA
2019,10,1,R1,3,SPAL,1,allometry,3.7721135690037704,NA
2019,10,1,R1,3,TYAN,1,allometry,15.630191786396157,NA
2019,10,1,R1,4,SCAM,1,allometry,8.641471660699825,NA
2019,10,1,R1,4,SCRO,1,allometry,373.3225520046809,NA
2019,10,1,R1,4,SPAL,1,allometry,10.427374113233244,NA
2019,10,1,R1,4,TYAN,1,allometry,38.41172248258,NA
2019,10,1,R1,5,HIMO,1,allometry,176.17633053609825,NA
2019,10,1,R1,5,PEVI,1,allometry,0.8677273765622165,NA
2019,10,1,S1,3,DISP,0.01,harvest,811.9999999999999,NA
2019,10,1,S1,3,PHAU,1,allometry,29.18896112280848,NA
2019,10,1,S1,3,SOSE,1,allometry,24.417574271613574,NA
2019,10,1,S1,3,SPPA,0.01,harvest,383,NA
2019,10,1,S1,3,SYTE,1,allometry,15.477001605099463,NA
2019,10,1,S1,4,DISP,0.01,harvest,181,NA
2019,10,1,S1,4,PHAU,1,allometry,21.73046576065107,NA
2019,10,1,S1,4,SOSE,1,allometry,49.99433216132825,NA
2019,10,1,S1,4,SPPA,0.01,harvest,1013.0000000000001,NA
2019,10,1,S1,4,SYTE,1,allometry,4.375814663664948,NA
2019,10,1,S1,5,IVFR,1,allometry,3.367477074075903,NA
2019,10,1,S1,5,PHAU,1,allometry,601.6630181276902,NA
2019,10,1,S1,6,PHAU,1,allometry,896.6798699269649,NA
2019,10,1,S2,1,AMCA,1,allometry,11.4951243542517,NA
2019,10,1,S2,1,KOVI,1,allometry,1.046973875698772,NA
2019,10,1,S2,1,POHY,1,allometry,2.7294661610623017,NA
2019,10,1,S2,2,SCRO,1,allometry,12.346058421503923,NA
2019,10,1,S2,2,SOSE,1,allometry,34.76736510845855,NA
2019,10,1,S2,2,SYTE,1,allometry,4.222323053710972,NA
2019,10,1,S2,3,ATPA,1,allometry,1.0731862645946557,NA
2019,10,1,S2,3,PLOD,1,allometry,10.318868091835343,NA
2019,10,1,S2,3,SCAM,1,allometry,124.62537449956494,NA
2019,10,1,S2,4,SCAM,1,allometry,211.2314898660805,NA
2019,10,1,S2,4,SOSE,1,allometry,68.86755197139173,NA
2019,10,1,S2,5,PLOD,1,allometry,0.3535307535913517,NA
2019,10,1,S2,5,SCAM,1,allometry,216.9937895188098,NA
2019,10,1,S2,5,SPPA,0.01,harvest,1082,NA
2019,10,1,S2,6,SCAM,1,allometry,16.69114674429675,NA
2019,10,1,S2,6,SCRO,1,allometry,54.05366144112885,NA
2019,10,1,S2,6,SPAL,1,allometry,30.502639453288822,NA
2019,10,1,S2,6,TYAN,1,allometry,239.49082497401253,NA
2019,10,1,S3,1,AMCA,1,allometry,12.687907415772425,NA
2019,10,1,S3,1,PLOD,1,allometry,3.9433432613994355,NA
2019,10,1,S3,1,SCRO,1,allometry,49.879216103909364,NA
2019,10,1,S3,1,SPAL,1,allometry,272.7568594852474,NA
2019,10,1,S3,1,SPCY,1,allometry,35.71890136207847,NA
2019,10,1,S3,2,AMCA,1,allometry,1.4645739397417055,NA
2019,10,1,S3,2,PLOD,1,allometry,0.5666626079912338,NA
2019,10,1,S3,2,POHY,1,allometry,10.479233725193197,NA
2019,10,1,S3,2,SCAM,1,allometry,59.642996807085055,NA
2019,10,1,S3,2,SPAL,1,allometry,24.433562941769964,NA
2019,10,1,S3,2,SYTE,1,allometry,2.476910099732261,NA
2019,10,1,S3,3,AMCA,1,allometry,2.767710772254614,NA
2019,10,1,S3,3,KOVI,1,allometry,0.6411845846131164,NA
2019,10,1,S3,3,POHY,1,allometry,11.19285557248022,NA
2019,10,1,S3,3,SCAM,1,allometry,25.13980281370121,NA
2019,10,1,S3,3,SCRO,1,allometry,59.210865940616685,NA
2019,10,1,S3,3,SOSE,1,allometry,138.66182613264633,NA
2019,10,1,S3,3,SYTE,1,allometry,11.217798822711474,NA
2019,10,1,S3,4,PLOD,1,allometry,0.4475853648581259,NA
2019,10,1,S3,4,SCAM,1,allometry,54.62930480633293,NA
2019,10,1,S3,4,SCRO,1,allometry,137.6506454664557,NA
2019,10,1,S3,4,SYTE,1,allometry,8.450189363945492,NA
2019,10,1,S3,5,SCAM,1,allometry,50.63604720324665,NA
2019,10,1,S3,5,SCRO,1,allometry,47.89951765647723,NA
2019,10,1,S3,5,SPAL,1,allometry,14.972554119807516,NA
2019,10,1,S3,5,SYTE,1,allometry,1.4140342652063898,NA
2019,10,1,S3,5,TYAN,1,allometry,11.330574220193038,NA
2020,9,23,G1,1,ATPA,1,allometry,3.5302362868904984,NA
2020,9,23,G1,1,PHAU,1,allometry,283.0847996933208,NA
2020,9,23,G1,1,SPAL,1,allometry,30.21774504208363,NA
2020,9,23,G1,1,SPCY,1,allometry,538.6192739463515,NA
2020,9,23,G1,2,DEAD,0.01,harvest,256,NA
2020,9,23,G1,2,SCAM,1,allometry,59.51167173374874,NA
2020,9,23,G1,2,SCRO,1,allometry,7.6842548560585,NA
2020,9,23,G1,2,SPPA,0.01,harvest,343,NA
2020,9,23,G1,3,DEAD,0.01,harvest,249.00000000000003,NA
2020,9,23,G1,3,DISP,0.01,harvest,93,NA
2020,9,23,G1,3,SOSE,1,allometry,16.59193296128983,NA
2020,9,23,G1,3,SPPA,0.01,harvest,897,NA
2020,9,23,G1,4,DEAD,0.01,harvest,191,NA
2020,9,23,G1,4,DISP,0.01,harvest,100,NA
2020,9,23,G1,4,IVFR,1,allometry,2.967008316008059,NA
2020,9,23,G1,4,SPPA,0.01,harvest,692,NA
2020,9,23,G1,5,DEAD,0.01,harvest,44,NA
2020,9,23,G1,5,DISP,0.01,harvest,93.99999999999999,NA
2020,9,23,G1,5,SPPA,0.01,harvest,421,NA
2020,9,23,G1,6,SCAM,1,allometry,233.53634419115124,NA
2020,9,23,G1,7,AMCA,1,allometry,1.2147805707327521,NA
2020,9,23,G1,7,KOVI,1,allometry,0.9684907955505703,NA
2020,9,23,G1,7,SCAM,1,allometry,115.16760371142735,NA
2020,9,23,G1,7,SYTE,1,allometry,0.637600861720892,NA
2020,9,23,G1,8,PADI,1,allometry,36.94315050184788,NA
2020,9,23,G1,8,PLOD,1,allometry,1.2328350551370912,NA
2020,9,23,G1,8,SCAM,1,allometry,133.78381834375617,NA
2020,9,23,G1,9,DEAD,0.01,harvest,242,NA
2020,9,23,G1,9,DISP,0.01,harvest,53,NA
2020,9,23,G1,9,SCAM,1,allometry,123.08302876380655,NA
2020,9,23,G1,9,SOSE,1,allometry,23.256580865221316,NA
2020,9,23,G1,9,SPPA,0.01,harvest,391,NA
2020,9,23,G1,10,KOVI,1,allometry,183.86449722241036,NA
2020,9,23,G1,10,PHAU,1,allometry,115.77163638577512,NA
2020,9,23,G1,10,SPCY,1,allometry,716.9299459430514,NA
2020,9,23,G1,10,SYTE,1,allometry,17.043553345903028,NA
2020,9,23,G1,11,DEAD,0.01,harvest,11,NA
2020,9,23,G1,11,KOVI,1,allometry,9.303187644082161,NA
2020,9,23,G1,11,PHAU,1,allometry,303.95802361939377,NA
2020,9,23,G1,11,PLOD,1,allometry,1.055646026041439,NA
2020,9,23,G1,11,SCAM,1,allometry,172.53525183329333,NA
2020,9,23,G1,11,SPPA,0.01,harvest,68,NA
2020,9,23,G1,12,AMCA,1,allometry,3.19131573856897,NA
2020,9,23,G1,12,ATPA,1,allometry,2.4400042297921964,NA
2020,9,23,G1,12,DEAD,0.01,harvest,552,NA
2020,9,23,G1,12,DISP,0.01,harvest,102,NA
2020,9,23,G1,12,KOVI,1,allometry,24.304975290744174,NA
2020,9,23,G1,12,SCAM,NA,allometry,NA,NA
2020,9,23,G1,12,SPPA,0.01,harvest,499,NA
2020,9,23,G1,12,SYTE,1,allometry,13.499649523112208,NA
2020,9,23,G1,13,AMCA,1,allometry,0.3508694296580109,NA
2020,9,23,G1,13,SCAM,1,allometry,217.37715515927383,NA
2020,9,23,G1,13,SYTE,1,allometry,2.86475410712506,NA
2020,9,23,G1,14,SCAM,1,allometry,356.14153460231114,NA
2020,9,23,G1,15,AMCA,1,allometry,14.560075025104732,NA
2020,9,23,G1,15,ATPA,1,allometry,4.242885895482813,NA
2020,9,23,G1,15,DEAD,0.01,harvest,278,NA
2020,9,23,G1,15,KOVI,1,allometry,62.82405277517363,NA
2020,9,23,G1,15,SCAM,1,allometry,657.4489504775746,NA
2020,9,23,G1,15,SPPA,0.01,harvest,1014,NA
2020,9,23,G1,15,SYTE,1,allometry,1.8444865756771534,NA
2020,9,23,G1,16,AMCA,1,allometry,0.24647992721291997,NA
2020,9,23,G1,16,DEAD,0.01,harvest,20,NA
2020,9,23,G1,16,DISP,0.01,harvest,63,NA
2020,9,23,G1,16,KOVI,1,allometry,12.651563914272511,NA
2020,9,23,G1,16,SCAM,1,allometry,448.31135246098535,NA
2020,9,23,G1,16,SPPA,0.01,harvest,61,NA
2020,9,23,G1,17,SCAM,1,allometry,205.9494336542687,NA
2020,9,23,G1,18,JUEF,1,allometry,1.0042835844471378,NA
2020,9,23,G1,18,SCAM,1,allometry,180.83110688098745,NA
2020,9,23,G1,19,AMCA,1,allometry,0.8325173887152751,NA
2020,9,23,G1,19,SCAM,1,allometry,168.12566135474788,NA
2020,9,23,G1,20,TYAN,1,allometry,126.9788004567875,NA
2020,9,25,G2,1,KOVI,1,allometry,69.93848218359072,NA
2020,9,25,G2,1,PHAU,NA,allometry,NA,NA
2020,9,25,G2,2,PHAU,1,allometry,1149.6969901457162,NA
2020,9,25,G2,3,PHAU,1,allometry,2420.887335156953,NA
2020,9,25,G2,3,SCAM,1,allometry,0.46966803875462937,NA
2020,9,25,G2,4,PHAU,1,allometry,865.9202573590569,NA
2020,9,25,G2,5,PHAU,1,allometry,4472.313586781937,NA
2020,9,25,G2,6,KOVI,1,allometry,57.249468795968596,NA
2020,9,25,G2,6,PHAU,1,allometry,1159.5183816431168,NA
2020,9,25,G2,6,SCRO,1,allometry,62.27156086177092,NA
2020,9,25,G2,7,DEAD,0.01,harvest,555,NA
2020,9,25,G2,7,DISP,0.01,harvest,150,NA
2020,9,25,G2,7,PHAU,1,allometry,33.46099355395384,NA
2020,9,25,G2,7,SCAM,1,allometry,269.1679315711408,NA
2020,9,25,G2,7,SPPA,0.01,harvest,36,NA
2020,9,25,G2,8,DEAD,0.01,harvest,128,NA
2020,9,25,G2,8,DISP,0.01,harvest,121,NA
2020,9,25,G2,8,SCAM,1,allometry,141.4357714009863,NA
2020,9,25,G2,8,SOSE,1,allometry,4.306459510888012,NA
2020,9,25,G2,8,SPPA,0.01,harvest,444.00000000000006,NA
2020,9,25,G2,9,DEAD,0.01,harvest,31,NA
2020,9,25,G2,9,SCAM,1,allometry,88.15164491155068,NA
2020,9,25,G2,9,SOSE,1,allometry,13.755800941401503,NA
2020,9,25,G2,9,SPPA,0.01,harvest,437,NA
2020,9,25,G2,9,SYTE,1,allometry,0.327877223260731,NA
2020,9,25,G2,10,PHAU,1,allometry,1772.9272927698673,NA
2020,9,25,G2,10,TYAN,1,allometry,12.962159868530001,NA
2020,9,25,G2,11,PHAU,1,allometry,595.5460126391804,NA
2020,9,25,G3,1,PHAU,1,allometry,942.2836461071354,NA
2020,9,25,G3,1,SPAL,1,allometry,12.866878393459318,NA
2020,9,25,G3,2,KOVI,1,allometry,28.3390229817381,NA
2020,9,25,G3,2,PHAU,1,allometry,1963.309842266315,NA
2020,9,25,G3,2,SPCY,1,allometry,11.721392967083236,NA
2020,9,25,G3,3,KOVI,1,allometry,190.07571670971296,NA
2020,9,25,G3,3,PHAU,1,allometry,63.75006755292594,NA
2020,9,25,G3,3,SAVAP,1,allometry,0.8072305207627686,NA
2020,9,25,G3,3,SOSE,1,allometry,145.05043899928395,NA
2020,9,25,G3,3,SYTE,1,allometry,0.7732661668291655,NA
2020,9,25,G3,4,ATPA,1,allometry,0.19464653621960126,NA
2020,9,25,G3,4,PADI,1,allometry,0.17706115593881855,NA
2020,9,25,G3,4,SOSE,1,allometry,47.94261577464005,NA
2020,9,25,G3,5,AMCA,1,allometry,3.0953893146987337,NA
2020,9,25,G3,5,DEAD,0.01,harvest,192,NA
2020,9,25,G3,5,KOVI,1,allometry,22.90221241109664,NA
2020,9,25,G3,5,PHAU,1,allometry,8.958497298026387,NA
2020,9,25,G3,5,SOSE,1,allometry,23.064426173925586,NA
2020,9,25,G3,5,SPCY,1,allometry,45.458410897929156,NA
2020,9,25,G3,5,SPPA,0.01,harvest,577,NA
2020,9,25,G3,5,SYTE,1,allometry,0.7049476036469301,NA
2020,9,25,G3,6,SPCY,1,allometry,760.5366555010526,NA
2020,10,1,S1,1,BAHA,1,allometry,0,NA
2020,10,1,S1,1,Hedera helix,1,allometry,0,NA
2020,10,1,S1,1,ILSPP,1,allometry,0,NA
2020,10,1,S1,1,LOJA,1,allometry,0.23396021487067342,NA
2020,10,1,S1,1,Parthenocissus quinquefolia,1,allometry,0,NA
2020,10,1,S1,1,RHRA,1,allometry,0,NA
2020,10,1,S1,1,SMRO,1,allometry,1.0547900535518537,NA
2020,10,1,S1,1,SOSE,1,allometry,5.749727184605486,NA
2020,10,1,S1,1,VISPP,1,allometry,0,NA
2020,10,1,S1,2,SOSE,1,allometry,12.87664359800134,NA
2020,10,1,S1,2,SPCY,1,allometry,141.03547348470858,NA
2020,10,1,S1,3,DEAD,0.01,harvest,653,NA
2020,10,1,S1,3,DISP,0.01,harvest,269,NA
2020,10,1,S1,3,SPPA,0.01,harvest,712,NA
2020,10,1,S1,3,SYLA,1,allometry,16.808535298172956,NA
2020,10,1,S1,4,DEAD,0.01,harvest,1623.9999999999998,NA
2020,10,1,S1,4,DISP,0.01,harvest,233,NA
2020,10,1,S1,4,SPPA,0.01,harvest,1375,NA
2020,10,1,S1,4,SYLA,1,allometry,12.672627210372902,NA
2020,10,1,S1,5,PHAU,1,allometry,1233.7654712120657,NA
2020,10,1,S1,6,PHAU,1,allometry,211.07633487345265,NA
2020,10,1,S2,1,DEAD,0.01,harvest,784,NA
2020,10,1,S2,1,DISP,0.01,harvest,30,NA
2020,10,1,S2,1,KOVI,1,allometry,1.9947750358529355,NA
2020,10,1,S2,1,POHY,1,allometry,0.39478141381523446,NA
2020,10,1,S2,1,SPPA,0.01,harvest,168,NA
2020,10,1,S2,2,SCAM,1,allometry,3.9507095841271425,NA
2020,10,1,S2,2,SCRO,1,allometry,23.548259057933038,NA
2020,10,1,S2,2,SOSE,1,allometry,29.15972946570978,NA
2020,10,1,S2,2,SYLA,1,allometry,3.4122842990053623,NA
2020,10,1,S2,3,AMCA,1,allometry,0.3921514546138933,NA
2020,10,1,S2,3,ATPA,1,allometry,1.805425799346874,NA
2020,10,1,S2,3,DEAD,0.01,harvest,103,NA
2020,10,1,S2,3,DISP,0.01,harvest,229,NA
2020,10,1,S2,3,PLOD,1,allometry,1.3986404596106636,NA
2020,10,1,S2,3,SCAM,1,allometry,64.6113418903068,NA
2020,10,1,S2,3,SPPA,0.01,harvest,5,NA
2020,10,1,S2,3,SYTE,1,allometry,0.9606722203839285,NA
2020,10,1,S2,4,DEAD,0.01,harvest,56.99999999999999,NA
2020,10,1,S2,4,DISP,0.01,harvest,61,NA
2020,10,1,S2,4,SCAM,1,allometry,148.6122253937945,NA
2020,10,1,S2,4,SOSE,1,allometry,58.883188236978626,NA
2020,10,1,S2,4,SPPA,0.01,harvest,19,NA
2020,10,1,S2,5,DEAD,0.01,harvest,220,NA
2020,10,1,S2,5,DISP,0.01,harvest,231,NA
2020,10,1,S2,5,SCAM,1,allometry,257.06755650077775,NA
2020,10,1,S2,5,SPPA,0.01,harvest,257,NA
2020,10,1,S2,6,SCAM,1,allometry,6.029648365877772,NA
2020,10,1,S2,6,SCRO,1,allometry,4.581190463128998,NA
2020,10,1,S2,6,SPAL,1,allometry,10.649536737219519,NA
2020,10,1,S2,6,TYAN,1,allometry,36.42865253751,NA
2020,10,7,R1,1,PLOD,1,allometry,2.37325435781366,NA
2020,10,7,R1,1,SCRO,1,allometry,40.96219200714909,NA
2020,10,7,R1,1,SPAL,1,allometry,98.70960710216922,NA
2020,10,7,R1,1,SYTE,1,allometry,2.971247430609725,NA
2020,10,7,R1,2,PLOD,1,allometry,1.8503315023546025,NA
2020,10,7,R1,2,SCRO,1,allometry,492.728533588932,NA
2020,10,7,R1,2,SPAL,1,allometry,67.0374646685165,NA
2020,10,7,R1,2,SYTE,1,allometry,1.7082637885809777,NA
2020,10,7,R1,2,TYAN,1,allometry,12.565318281380002,NA
2020,10,7,R1,3,PHAU,1,allometry,288.74538612334186,NA
2020,10,7,R1,3,SCAM,1,allometry,9.255351103339402,NA
2020,10,7,R1,3,SCRO,1,allometry,73.00731636061195,NA
2020,10,7,R1,3,SPAL,1,allometry,10.232735700670045,NA
2020,10,7,R1,3,TYAN,1,allometry,22.290470430019997,NA
2020,10,7,R1,4,PHAU,1,allometry,28.696149562971296,NA
2020,10,7,R1,4,SCAM,1,allometry,7.589646838724915,NA
2020,10,7,R1,4,SCRO,1,allometry,198.34640545026036,NA
2020,10,7,R1,4,SPAL,1,allometry,35.915651798625184,NA
2020,10,7,R1,4,TYAN,1,allometry,49.86965884189,NA
2020,10,7,R1,5,HIMO,1,allometry,73.60641197182127,NA
2020,10,7,R1,5,PEVI,1,allometry,3.6615228261616477,NA
2020,10,7,R2,1,PHAU,1,allometry,183.30525654880108,NA
2020,10,7,R2,2,PHAU,1,allometry,1354.0600677079847,NA
2020,10,7,R2,3,PHAU,1,allometry,1491.4030491887438,NA
2020,10,7,R2,3,SPAL,1,allometry,97.70680186599688,NA
2020,10,7,R2,4,PHAU,1,allometry,1426.5684252165988,NA
2020,10,7,R2,5,KOVI,1,allometry,10.088281747327414,NA
2020,10,7,R2,5,PHAU,1,allometry,1997.225605774323,NA
2020,10,7,R3,1,PHAU,1,allometry,253.53132246128084,NA
2020,10,7,R3,1,SPAL,1,allometry,83.1666576910711,NA
2020,10,7,R3,2,PHAU,1,allometry,734.4848272103947,NA
2020,10,7,R3,3,KOVI,1,allometry,17.946885842135885,NA
2020,10,7,R3,3,PHAU,1,allometry,1997.1835933766745,NA
2020,10,7,R3,3,SCRO,1,allometry,20.90564716187093,NA
2020,10,7,R3,3,SYTE,1,allometry,0.7266255180551969,NA
2020,10,7,R3,4,PHAU,1,allometry,2602.26041305372,NA
2020,10,7,R3,4,SCRO,1,allometry,8.065935316714736,NA
2020,10,7,R3,5,KOVI,1,allometry,7.239051937759961,NA
2020,10,7,R3,5,SCRO,1,allometry,28.13254950080571,NA
2020,10,7,S3,1,SCRO,1,allometry,18.8892979827136,NA
2020,10,7,S3,1,SPAL,1,allometry,144.19093438999803,NA
2020,10,7,S3,1,SPCY,1,allometry,68.62781113492868,NA
2020,10,7,S3,2,SCAM,1,allometry,49.970457367583165,NA
2020,10,7,S3,2,SPAL,1,allometry,122.2961128422851,NA
2020,10,7,S3,2,SPPA,0.01,harvest,43,NA
2020,10,7,S3,2,SYTE,1,allometry,23.930381880179468,NA
2020,10,7,S3,3,ATPA,1,allometry,0.15874810155333366,NA
2020,10,7,S3,3,SCAM,1,allometry,9.157072492866865,NA
2020,10,7,S3,3,SCRO,1,allometry,10.543540870456846,NA
2020,10,7,S3,3,SOSE,1,allometry,11.132312554567434,NA
2020,10,7,S3,3,SYTE,1,allometry,5.415778954978187,NA
2020,10,7,S3,4,DEAD,0.01,harvest,56.99999999999999,NA
2020,10,7,S3,4,DISP,0.01,harvest,36,NA
2020,10,7,S3,4,SCAM,1,allometry,41.66459891962476,NA
2020,10,7,S3,4,SCRO,1,allometry,50.33743637676181,NA
2020,10,7,S3,4,SPAL,1,allometry,22.468320083638183,NA
2020,10,7,S3,4,SPPA,0.01,harvest,5,NA
2020,10,7,S3,5,SCAM,1,allometry,26.77179324684077,NA
2020,10,7,S3,5,SYTE,1,allometry,5.344162788909034,NA
2021,9,30,G1,1,ATPA,1,allometry,1465.4375052114324,NA
2021,9,30,G1,1,PHAU,1,allometry,195.2953471410152,NA
2021,9,30,G1,1,SPCY,1,allometry,206.104405396682,NA
2021,9,30,G1,1,SYTE,1,allometry,4.347303282717114,NA
2021,9,30,G1,2,SCAM,1,allometry,44.63638013871871,NA
2021,9,30,G1,2,SOSE,1,allometry,0,NA
2021,9,30,G1,3,SOSE,1,allometry,41.19984472803422,NA
2021,9,30,G1,4,SOSE,1,allometry,61.45321520857786,NA
2021,9,30,G1,5,SCAM,1,allometry,16.627067790198716,NA
2021,9,30,G1,6,SCAM,1,allometry,119.81592843707756,NA
2021,9,30,G1,7,SCAM,1,allometry,140.4607251661594,NA
2021,9,30,G1,8,SCAM,1,allometry,147.4287889202243,NA
2021,9,30,G1,9,KOVI,1,allometry,0.5590612171090681,NA
2021,9,30,G1,9,SCAM,1,allometry,178.05882551570653,NA
2021,9,30,G1,9,SOSE,1,allometry,19.921417687689363,NA
2021,9,30,G1,10,KOVI,1,allometry,45.84723844220517,NA
2021,9,30,G1,10,PHAU,1,allometry,349.6499894694791,NA
2021,9,30,G1,10,SPCY,1,allometry,518.3207271724453,NA
2021,9,30,G1,11,AMCA,1,allometry,29.812886553620316,NA
2021,9,30,G1,11,ATPA,1,allometry,0.34277075818734143,NA
2021,9,30,G1,11,KOVI,1,allometry,32.51603171960519,NA
2021,9,30,G1,11,PHAU,1,allometry,149.96492602506635,NA
2021,9,30,G1,11,SCAM,1,allometry,400.3267805638049,NA
2021,9,30,G1,11,SCRO,1,allometry,2.8312510354637146,NA
2021,9,30,G1,11,SYSU,1,allometry,5.930499961527699,NA
2021,9,30,G1,11,SYTE,1,allometry,5.4254977447268935,NA
2021,9,30,G1,12,ATPA,1,allometry,4.196015149911721,NA
2021,9,30,G1,12,KOVI,1,allometry,97.57533665711074,NA
2021,9,30,G1,12,SCAM,1,allometry,573.5086533918021,NA
2021,9,30,G1,12,SYTE,1,allometry,3.4942222505708758,NA
2021,9,30,G1,13,PHAU,1,allometry,32.794707853675035,NA
2021,9,30,G1,13,SCAM,1,allometry,234.28395735114657,NA
2021,9,30,G1,14,AMCA,1,allometry,65.95792267688967,NA
2021,9,30,G1,14,ATPA,1,allometry,39.96826988362323,NA
2021,9,30,G1,14,SCAM,1,allometry,680.7897192005801,NA
2021,9,30,G1,15,ATPA,1,allometry,28.048404407990795,NA
2021,9,30,G1,15,KOVI,1,allometry,68.91953217708597,NA
2021,9,30,G1,15,SCAM,1,allometry,280.7831734763652,NA
2021,9,30,G1,15,SYTE,1,allometry,0.4345800571676327,NA
2021,9,30,G1,16,AMCA,1,allometry,0.4114107795466344,NA
2021,9,30,G1,16,ATPA,1,allometry,7.343501794405842,NA
2021,9,30,G1,16,KOVI,1,allometry,37.859255515335896,NA
2021,9,30,G1,16,SCAM,1,allometry,312.03114855115285,NA
2021,9,30,G1,16,SYSU,1,allometry,1.0941632763672833,NA
2021,9,30,G1,17,SCAM,1,allometry,234.5651000564038,NA
2021,9,30,G1,18,SCAM,1,allometry,350.7343002274903,NA
2021,9,30,G1,19,SCAM,1,allometry,373.2091710947007,NA
2021,9,30,G1,20,TYAN,1,allometry,89.39184911023814,NA
2021,9,30,G2,1,KOVI,1,allometry,29.958352389322215,NA
2021,9,30,G2,1,PHAU,1,allometry,3522.882246761349,NA
2021,9,30,G2,2,PHAU,1,allometry,1584.7549923533704,NA
2021,9,30,G2,3,PHAU,1,allometry,1836.1825221173135,NA
2021,9,30,G2,4,PHAU,1,allometry,547.419481973385,NA
2021,9,30,G2,5,PHAU,1,allometry,1969.0212301145202,NA
2021,9,30,G2,6,PHAU,1,allometry,991.9323253067877,NA
2021,9,30,G2,7,PHAU,1,allometry,16.364356133681092,NA
2021,9,30,G2,7,SCAM,1,allometry,239.08977636262395,NA
2021,9,30,G2,8,SCAM,1,allometry,139.11251518177443,NA
2021,9,30,G2,8,SOSE,1,allometry,10.394841341377779,NA
2021,9,30,G2,9,SCAM,1,allometry,96.42484260416437,NA
2021,9,30,G2,9,SOSE,1,allometry,18.469815198766526,NA
2021,9,30,G2,10,PHAU,1,allometry,4274.42413134809,NA
2021,9,30,G2,11,PHAU,1,allometry,1718.7466132878938,NA
2021,9,30,G3,1,PHAU,1,allometry,956.8830426560735,NA
2021,9,30,G3,1,SPAL,1,allometry,46.608552022898316,NA
2021,9,30,G3,2,KOVI,1,allometry,20.577741760009044,NA
2021,9,30,G3,2,PHAU,1,allometry,1717.1311289930352,NA
2021,9,30,G3,2,SCRO,1,allometry,26.35885377896023,NA
2021,9,30,G3,2,SPCY,1,allometry,44.287152622518505,NA
2021,9,30,G3,3,ATPA,1,allometry,2.1820720940807403,NA
2021,9,30,G3,3,KOVI,1,allometry,187.39755279799147,NA
2021,9,30,G3,3,PHAU,1,allometry,80.09208766121218,NA
2021,9,30,G3,3,SOSE,1,allometry,26.39501637273291,NA
2021,9,30,G3,3,SYSU,1,allometry,1.8655028473538577,NA
2021,9,30,G3,4,KOVI,1,allometry,0.8587982076669568,NA
2021,9,30,G3,4,PHAU,1,allometry,1.650812996664269,NA
2021,9,30,G3,4,SOSE,1,allometry,12.031574175808185,NA
2021,9,30,G3,5,ACCA,1,allometry,0.6214918261052487,NA
2021,9,30,G3,5,KOVI,1,allometry,60.547014464882245,NA
2021,9,30,G3,5,PHAU,1,allometry,5.408066620244286,NA
2021,9,30,G3,5,SOSE,1,allometry,32.71146381947856,NA
2021,9,30,G3,5,SYTE,1,allometry,3.584586633266431,NA
2021,9,30,G3,6,SPCY,1,allometry,491.21779419979464,NA
2021,10,1,R1,1,AMCA,1,allometry,6.385461591625598,NA
2021,10,1,R1,1,SCRO,1,allometry,18.83841467063229,NA
2021,10,1,R1,1,SYSU,1,allometry,3.74277428991957,NA
2021,10,1,R1,2,SCRO,1,allometry,157.22783446915932,NA
2021,10,1,R1,2,SPAL,1,allometry,30.552963695434716,NA
2021,10,1,R1,2,SYSU,1,allometry,7.109362731702195,NA
2021,10,1,R1,2,TYAN,1,allometry,19.37404270759,NA
2021,10,1,R1,3,PHAU,1,allometry,86.55926317994172,NA
2021,10,1,R1,3,SCAM,1,allometry,1.4551148622115873,NA
2021,10,1,R1,3,SCRO,1,allometry,133.9493280595681,NA
2021,10,1,R1,3,TYAN,1,allometry,17.688821285847467,NA
2021,10,1,R1,4,PHAU,1,allometry,434.58618629002905,NA
2021,10,1,R1,4,SCAM,1,allometry,14.97015458779593,NA
2021,10,1,R1,4,SCRO,1,allometry,133.91871145740953,NA
2021,10,1,R1,4,SPAL,1,allometry,34.10264473087522,NA
2021,10,1,R1,4,TYAN,1,allometry,33.13580756103,NA
2021,10,1,R1,5,HIMO,1,allometry,17.734013815539484,NA
2021,10,1,R1,5,PEVI,1,allometry,4.192144714988887,NA
2021,10,1,R1,5,PHAU,1,allometry,76.46254485414983,NA
2021,10,1,R2,1,PHAU,1,allometry,218.14739348571226,NA
2021,10,1,R2,2,PHAU,1,allometry,1510.835752947587,NA
2021,10,1,R2,3,PHAU,1,allometry,1042.0156497415746,NA
2021,10,1,R2,3,SPAL,1,allometry,31.436402094457748,NA
2021,10,1,R2,4,PHAU,1,allometry,820.8199018871984,NA
2021,10,1,R2,5,PHAU,1,allometry,1996.8780900804998,NA
2021,10,1,R3,2,HIMO,1,allometry,53.069910812882824,NA
2021,10,1,R3,2,PHAU,1,allometry,907.7944125296748,NA
2021,10,1,R3,2,SCRO,1,allometry,8.374716858306394,NA
2021,10,1,R3,3,KOVI,1,allometry,4.917593328735934,NA
2021,10,1,R3,3,PHAU,1,allometry,806.1556487418768,NA
2021,10,1,R3,3,SCRO,1,allometry,1.5662390380699962,NA
2021,10,1,R3,3,SYSU,1,allometry,0.7942129616761047,NA
2021,10,1,R3,4,KOVI,1,allometry,14.745888527039597,NA
2021,10,1,R3,4,PHAU,1,allometry,2168.9271395911246,NA
2021,10,1,R3,4,SCRO,1,allometry,16.168648662321868,NA
2021,10,1,R3,5,HIMO,1,allometry,9.008683849963958,NA
2021,10,1,R3,5,PHAU,1,allometry,1603.9519065855163,NA
2021,10,1,R3,5,SCRO,1,allometry,21.547528390501572,NA
2021,10,1,S1,3,JUEF,NA,allometry,NA,NA
2021,10,1,S1,3,SYTE,1,allometry,8.388364399952348,NA
2021,10,1,S1,4,SOSE,1,allometry,1.9655173635399923,NA
2021,10,1,S1,4,SYSU,1,allometry,50.63526605902691,NA
2021,10,1,S1,5,PHAU,1,allometry,462.9973718198714,NA
2021,10,1,S1,5,TYAN,1,allometry,26.558443758929997,NA
2021,10,1,S1,6,HYUM,1,allometry,50.72697079151467,NA
2021,10,1,S1,6,PHAU,1,allometry,222.75608248174163,NA
2021,10,1,S2,1,ATPA,1,allometry,0.8974703396527354,NA
2021,10,1,S2,1,KOVI,1,allometry,1.2618236300071803,NA
2021,10,1,S2,1,PLOD,1,allometry,0.9066052850848694,NA
2021,10,1,S2,1,SOSE,1,allometry,2.311103347594495,NA
2021,10,1,S2,2,AMCA,1,allometry,0.548011629798102,NA
2021,10,1,S2,2,SCAM,1,allometry,13.6171907458025,NA
2021,10,1,S2,2,SCRO,1,allometry,53.54815865607922,NA
2021,10,1,S2,2,SOSE,1,allometry,54.57890778836526,NA
2021,10,1,S2,2,SPAL,1,allometry,80.41914861114545,NA
2021,10,1,S2,2,SYSU,1,allometry,13.991211586417528,NA
2021,10,1,S2,3,ATPA,1,allometry,2.2639034587231306,NA
2021,10,1,S2,3,SCAM,1,allometry,21.637612564121298,NA
2021,10,1,S2,4,SCAM,1,allometry,191.25366087492705,NA
2021,10,1,S2,4,SOSE,1,allometry,9.535517433457771,NA
2021,10,1,S2,4,SYSU,1,allometry,1.7691185001195509,NA
2021,10,1,S2,5,SCAM,1,allometry,57.49183882261252,NA
2021,10,1,S2,6,SCAM,1,allometry,7.886780206375972,NA
2021,10,1,S2,6,SCRO,1,allometry,22.634979974020204,NA
2021,10,1,S2,6,SPAL,1,allometry,28.973232435536445,NA
2021,10,1,S2,6,TYAN,1,allometry,38.31805598684,NA
2021,10,1,S3,1,SCRO,NA,allometry,NA,NA
2021,10,1,S3,1,SPAL,NA,allometry,NA,NA
2021,10,1,S3,1,SPCY,NA,allometry,NA,NA
2021,10,1,S3,3,KOVI,1,allometry,2.1324997444758647,NA
2021,10,1,S3,3,SCAM,1,allometry,7.516669193223706,NA
2021,10,1,S3,3,SOSE,1,allometry,5.702645122223606,NA
2021,10,1,S3,3,SYSU,1,allometry,7.255144324259807,NA
2021,10,1,S3,4,PLOD,1,allometry,0.6677283509636036,NA
2021,10,1,S3,4,SCAM,1,allometry,7.339873755766456,NA
2021,10,1,S3,4,SCRO,1,allometry,51.679395193202666,NA
2021,10,1,S3,4,SPAL,1,allometry,67.07389537104805,NA
2021,10,1,S3,4,SYTE,1,allometry,4.069754361059093,NA
2021,10,1,S3,4,TYAN,1,allometry,2.892058117358422,NA
2021,10,1,S3,5,SCAM,1,allometry,35.48388596160942,NA
2021,10,1,S3,5,SCRO,1,allometry,45.10188441993145,NA
2021,10,1,S3,5,SYTE,1,allometry,83.17124482962855,NA
2021,10,1,S3,5,TYAN,1,allometry,39.552854969660004,NA
2022,9,26,G1,1,ATPA,1,allometry,19.018485406575877,NA
2022,9,26,G1,1,PHAU,1,allometry,1983.3226489768658,NA
2022,9,26,G1,1,SPCY,1,allometry,40.511550094130314,NA
2022,9,26,G1,2,DISP,0.01,harvest,1005,NA
2022,9,26,G1,2,SCAM,1,allometry,75.600175697802,NA
2022,9,26,G1,2,SOSE,1,allometry,3.141312970217656,NA
2022,9,26,G1,2,SPPA,0.01,harvest,1705.9999999999998,NA
2022,9,26,G1,3,SOSE,1,allometry,15.930729777675333,NA
2022,9,26,G1,3,SPPA,0.01,harvest,1219,NA
2022,9,26,G1,4,SOSE,1,allometry,1.9107172593101176,NA
2022,9,26,G1,4,SPPA,0.01,harvest,1377,NA
2022,9,26,G1,5,DISP,0.01,harvest,1049.16,NA
2022,9,26,G1,5,SCAM,1,allometry,18.47616073036001,NA
2022,9,26,G1,5,SPPA,0.01,harvest,2535.9,NA
2022,9,26,G1,5,SPPA,0.01,harvest,974,NA
2022,9,26,G1,6,SCAM,1,allometry,187.49732493838215,NA
2022,9,26,G1,7,DISP,0.01,harvest,995.35,NA
2022,9,26,G1,7,HIMO,1,allometry,0.8359868662733982,NA
2022,9,26,G1,7,SCAM,1,allometry,102.1323211249347,NA
2022,9,26,G1,7,SPPA,0.01,harvest,1370.54,NA
2022,9,26,G1,8,DISP,0.01,harvest,996.5500000000001,NA
2022,9,26,G1,8,HIMO,1,allometry,0.909920960853029,NA
2022,9,26,G1,8,SCAM,1,allometry,216.10949284905826,NA
2022,9,26,G1,8,SPCY,1,allometry,48.98997526205296,NA
2022,9,26,G1,8,SPPA,0.01,harvest,962.9,NA
2022,9,26,G1,9,DISP,0.01,harvest,993.8000000000001,NA
2022,9,26,G1,9,SCAM,1,allometry,256.28615126947085,NA
2022,9,26,G1,9,SPPA,0.01,harvest,1303.4499999999998,NA
2022,9,26,G1,10,KOVI,1,allometry,89.76691026151933,NA
2022,9,26,G1,10,PHAU,1,allometry,758.4096210582488,NA
2022,9,26,G1,10,SCRO,1,allometry,5.2969242663239635,NA
2022,9,26,G1,10,SPCY,1,allometry,100.7238451517142,NA
2022,9,26,G1,11,KOVI,1,allometry,113.87146117818743,NA
2022,9,26,G1,11,PHAU,1,allometry,207.16092599569367,NA
2022,9,26,G1,11,SCAM,1,allometry,96.36712837309005,NA
2022,9,26,G1,11,SCRO,1,allometry,3.3198388741886213,NA
2022,9,26,G1,11,SPPA,0.01,harvest,1119,"scale used for wet acting weird, may not be reliable weight"
2022,9,26,G1,11,SYTE,1,allometry,1.7000859126978964,NA
2022,9,26,G1,12,ATPA,1,allometry,0.1818465031354333,NA
2022,9,26,G1,12,DISP,0.01,harvest,1076,NA
2022,9,26,G1,12,KOVI,1,allometry,86.17517128495425,NA
2022,9,26,G1,12,SCAM,1,allometry,446.7496593271078,NA
2022,9,26,G1,12,SPPA,0.01,harvest,2003,NA
2022,9,26,G1,12,SYTE,1,allometry,3.6669357558520868,NA
2022,9,26,G1,13,AMCA,1,allometry,1.614310386146863,NA
2022,9,26,G1,13,DISP,0.01,harvest,1084,NA
2022,9,26,G1,13,SCAM,1,allometry,246.6665547102702,NA
2022,9,26,G1,13,SCRO,1,allometry,5.916856004120492,NA
2022,9,26,G1,13,SPPA,0.01,harvest,1839.9999999999998,NA
2022,9,26,G1,14,ATPA,1,allometry,3.8059160390195292,NA
2022,9,26,G1,14,DISP,0.01,harvest,1102.35,NA
2022,9,26,G1,14,SCAM,1,allometry,306.5480587437352,NA
2022,9,26,G1,14,SPPA,0.01,harvest,2627.95,NA
2022,9,26,G1,15,ATPA,1,allometry,15.980723977748426,NA
2022,9,26,G1,15,KOVI,1,allometry,53.1762162494946,NA
2022,9,26,G1,15,SCAM,1,allometry,156.51955648052243,NA
2022,9,26,G1,15,SPPA,0.01,harvest,1022,"scale used for wet acting weird, may not be reliable weight"
2022,9,26,G1,15,SYTE,1,allometry,1.1820187715100772,NA
2022,9,26,G1,16,AMCA,1,allometry,0.382120341455068,NA
2022,9,26,G1,16,ATPA,1,allometry,9.358395329369868,NA
2022,9,26,G1,16,DISP,0.01,harvest,986.9999999999999,NA
2022,9,26,G1,16,KOVI,1,allometry,72.30531510145349,NA
2022,9,26,G1,16,SCAM,1,allometry,294.1125521817316,NA
2022,9,26,G1,16,SPPA,0.01,harvest,1455,NA
2022,9,26,G1,16,SYTE,1,allometry,1.0174877510682596,NA
2022,9,26,G1,17,SCAM,1,allometry,81.94150260135508,NA
2022,9,26,G1,18,SCAM,1,allometry,124.70710822229722,NA
2022,9,26,G1,19,DISP,0.01,harvest,972,"scale used for wet acting weird, may not be reliable weight"
2022,9,26,G1,19,SCAM,1,allometry,133.78504088118544,NA
2022,9,26,G1,19,SPPA,0.01,harvest,1000,"scale used for wet acting weird, may not be reliable weight"
2022,9,26,G1,20,TYAN,1,allometry,64.17017496866985,NA
2022,9,26,G2,1,PHAU,1,allometry,1958.328291710203,NA
2022,9,26,G2,2,PHAU,1,allometry,2628.8156183289084,NA
2022,9,26,G2,3,PHAU,1,allometry,1834.7521073285575,NA
2022,9,26,G2,3,SCRO,1,allometry,24.72721168342136,NA
2022,9,26,G2,4,PHAU,1,allometry,2727.903409296502,NA
2022,9,26,G2,5,PHAU,1,allometry,3340.4758849060063,NA
2022,9,26,G2,6,PHAU,1,allometry,1779.5595317785842,NA
2022,9,26,G2,6,SCRO,1,allometry,15.748974692157965,NA
2022,9,26,G2,7,DISP,0.01,harvest,1026.28,NA
2022,9,26,G2,7,PHAU,1,allometry,32.062344490795574,NA
2022,9,26,G2,7,SCAM,1,allometry,146.78772439800474,NA
2022,9,26,G2,7,SPPA,0.01,harvest,904.65,NA
2022,9,26,G2,8,DISP,0.01,harvest,1084.3799999999999,NA
2022,9,26,G2,8,SCAM,1,allometry,223.52641927332925,NA
2022,9,26,G2,8,SOSE,1,allometry,34.36703863403408,NA
2022,9,26,G2,8,SPPA,0.01,harvest,1377.28,NA
2022,9,26,G2,9,DISP,0.01,harvest,1029.1,NA
2022,9,26,G2,9,SCAM,1,allometry,92.72390006696942,NA
2022,9,26,G2,9,SCRO,1,allometry,1.5596898313694196,NA
2022,9,26,G2,9,SOSE,1,allometry,135.49275594183098,NA
2022,9,26,G2,9,SPPA,0.01,harvest,1458.6499999999999,NA
2022,9,26,G2,10,PHAU,1,allometry,2338.7373026198343,NA
2022,9,26,G2,11,PHAU,1,allometry,1210.060612563129,NA
2022,9,27,R1,1,SCRO,1,allometry,19.546872253816712,NA
2022,9,27,R1,1,SPAL,1,allometry,52.03492070852053,NA
2022,9,27,R1,1,SPPA,0.01,harvest,1266,NA
2022,9,27,R1,1,SYSU,1,allometry,2.9499654251650154,NA
2022,9,27,R1,1,SYTE,1,allometry,2.624125194794026,NA
2022,9,27,R1,2,SCRO,1,allometry,261.4610054271703,NA
2022,9,27,R1,2,SPAL,1,allometry,24.946038873966646,NA
2022,9,27,R1,2,SYSU,1,allometry,19.064985048843173,NA
2022,9,27,R1,2,TYAN,1,allometry,25.88776926546,NA
2022,9,27,R1,3,PHAU,1,allometry,173.12925947473173,NA
2022,9,27,R1,3,SCAM,1,allometry,4.026513257885531,NA
2022,9,27,R1,3,SCRO,1,allometry,175.31856985475176,NA
2022,9,27,R1,3,TYAN,1,allometry,16.20259969262,NA
2022,9,27,R1,4,PHAU,1,allometry,162.10563148732,NA
2022,9,27,R1,4,SCAM,1,allometry,11.090546146771768,NA
2022,9,27,R1,4,SCRO,1,allometry,278.3500310646004,NA
2022,9,27,R1,4,TYAN,1,allometry,79.44969018123501,NA
2022,9,27,R1,5,PHAU,1,allometry,268.36989964505483,NA
2022,9,27,R1,5,SALA,1,allometry,2.4809319888136265,NA
2022,9,27,R2,1,PHAU,1,allometry,125.00006729844935,NA
2022,9,27,R2,1,SPPA,0.01,harvest,1923.9999999999998,NA
2022,9,27,R2,1,SYTE,1,allometry,2.29172525281927,NA
2022,9,27,R2,2,PHAU,1,allometry,679.7410518749174,NA
2022,9,27,R2,3,PHAU,1,allometry,93.54578874308785,NA
2022,9,27,R2,3,PLOD,1,allometry,0.894143743339681,NA
2022,9,27,R2,3,SPAL,1,allometry,27.62007514931072,NA
2022,9,27,R2,4,PHAU,1,allometry,755.867897548434,NA
2022,9,27,R2,5,PHAU,1,allometry,1986.638647446456,NA
2022,9,27,R3,2,HIMO,1,allometry,72.62710422625061,NA
2022,9,27,R3,2,PHAU,1,allometry,878.3631449984144,NA
2022,9,27,R3,2,SCRO,1,allometry,18.00718675985119,NA
2022,9,27,R3,3,HIMO,1,allometry,1.393297291235981,NA
2022,9,27,R3,3,KOVI,1,allometry,6.0939413116285275,NA
2022,9,27,R3,3,PHAU,1,allometry,1272.095216120806,NA
2022,9,27,R3,3,SCRO,1,allometry,19.843384960190853,NA
2022,9,27,R3,3,SYSU,1,allometry,2.699974225532031,NA
2022,9,27,R3,4,HIMO,1,allometry,12.375025855929897,NA
2022,9,27,R3,4,PHAU,1,allometry,2358.1318970058715,NA
2022,9,27,R3,5,HIMO,1,allometry,21.395033851953578,NA
2022,9,27,R3,5,PHAU,1,allometry,1298.3898133684806,NA
2022,9,27,S1,1,LOJA,1,allometry,1.24877522378019,NA
2022,9,27,S1,1,MOCE,1,allometry,0,NA
2022,9,27,S1,2,DISP,0.01,harvest,1048.8,NA
2022,9,27,S1,2,PAVI,1,allometry,10.847318334292341,NA
2022,9,27,S1,2,SOSPP,1,allometry,0,NA
2022,9,27,S1,2,UNKGRASS,1,allometry,10.648923468229231,NA
2022,9,27,S1,3,DISP,0.01,harvest,1148,"scale used for wet acting weird, may not be reliable weight"
2022,9,27,S1,3,SOSE,1,allometry,27.187134194849683,NA
2022,9,27,S1,3,SPPA,0.01,harvest,968,"scale used for wet acting weird, may not be reliable weight"
2022,9,27,S1,3,SYSU,1,allometry,0.8164052315458814,NA
2022,9,27,S1,3,SYTE,1,allometry,25.736393861535348,NA
2022,9,27,S1,4,DISP,0.01,harvest,1764,"scale used for wet acting weird, may not be reliable weight"
2022,9,27,S1,4,SOSE,1,allometry,3.2336887024876013,NA
2022,9,27,S1,4,SPPA,0.01,harvest,1203,"scale used for wet acting weird, may not be reliable weight"
2022,9,27,S1,4,SYSU,1,allometry,10.336682258930582,NA
2022,9,27,S1,5,BAHA,1,allometry,0,NA
2022,9,27,S1,5,JUVI,1,allometry,0,NA
2022,9,27,S1,5,PHAU,1,allometry,423.2568893089081,NA
2022,9,27,S1,5,TYAN,1,allometry,12.04793145801,NA
2022,9,27,S1,6,COAR,1,allometry,0,NA
2022,9,27,S1,6,HYUM,1,allometry,8.0398723122814,NA
2022,9,27,S1,6,PHAU,1,allometry,618.4488972250575,NA
2022,9,27,S2,1,DISP,0.01,harvest,1792.96,NA
2022,9,27,S2,1,PLOD,1,allometry,0.8394006685081492,NA
2022,9,27,S2,1,SPPA,0.01,harvest,1181.4399999999998,NA
2022,9,27,S2,2,DISP,0.01,harvest,1225.62,NA
2022,9,27,S2,2,SOSE,1,allometry,10.37999507234589,NA
2022,9,27,S2,2,SPPA,0.01,harvest,962.3699999999999,NA
2022,9,27,S2,2,SYSU,1,allometry,2.6468124923068155,NA
2022,9,27,S2,3,ATPA,1,allometry,9.638964996182505,NA
2022,9,27,S2,3,DISP,0.01,harvest,1603.9999999999998,"scale used for wet acting weird, may not be reliable weight"
2022,9,27,S2,3,SCAM,1,allometry,43.41844723444108,NA
2022,9,27,S2,3,SPPA,0.01,harvest,1091,"scale used for wet acting weird, may not be reliable weight"
2022,9,27,S2,4,ATPA,1,allometry,0.3333898538873546,NA
2022,9,27,S2,4,SCAM,1,allometry,203.21205216907595,NA
2022,9,27,S2,4,SOSE,1,allometry,35.44214657438828,NA
2022,9,27,S2,5,DISP,0.01,harvest,989.63,NA
2022,9,27,S2,6,SCAM,1,allometry,17.33053809503781,NA
2022,9,27,S2,6,SCRO,1,allometry,39.56117135695818,NA
2022,9,27,S2,6,SPAL,1,allometry,82.35164753976474,NA
2022,9,27,S2,6,TYAN,1,allometry,108.58598633977999,NA
2022,9,27,S3,1,POHY,1,allometry,3.0920985722889536,NA
2022,9,27,S3,1,SCRO,1,allometry,17.079105772704676,NA
2022,9,27,S3,1,SPAL,1,allometry,223.04203257029278,NA
2022,9,27,S3,1,SPCY,1,allometry,54.30898999724209,NA
2022,9,27,S3,2,ATPA,1,allometry,0.17901661892009793,NA
2022,9,27,S3,2,DISP,0.01,harvest,974.9399999999999,NA
2022,9,27,S3,2,POHY,1,allometry,6.301155373141315,NA
2022,9,27,S3,2,SCAM,1,allometry,7.510432792250752,NA
2022,9,27,S3,2,SCRO,1,allometry,4.747805053499013,NA
2022,9,27,S3,2,SPAL,1,allometry,87.59496186826317,NA
2022,9,27,S3,2,SPPA,0.01,harvest,1100,NA
2022,9,27,S3,2,SYSU,1,allometry,20.323616051807996,NA
2022,9,27,S3,3,ATPA,1,allometry,0.21993776683060948,NA
2022,9,27,S3,3,DISP,0.01,harvest,1057,"scale used for wet acting weird, may not be reliable weight"
2022,9,27,S3,3,SOSE,1,allometry,52.5294989809575,NA
2022,9,27,S3,3,SYSU,1,allometry,0.6615163097661055,NA
2022,9,27,S3,4,DISP,0.01,harvest,1111.65,NA
2022,9,27,S3,4,SCAM,1,allometry,1.3773725825120964,NA
2022,9,27,S3,4,SCRO,1,allometry,44.8953360233641,NA
2022,9,27,S3,4,SPAL,1,allometry,85.03847334381864,NA
2022,9,27,S3,4,SPPA,0.01,harvest,1014.16,NA
2022,9,27,S3,4,SYSU,1,allometry,8.250964199656906,NA
2022,9,27,S3,5,ATPA,1,allometry,0.19464653621960126,NA
2022,9,27,S3,5,SCAM,1,allometry,40.65771335740676,NA
2022,9,27,S3,5,SCRO,1,allometry,12.09435069690787,NA
2022,9,27,S3,5,SYSU,1,allometry,7.918688083423981,NA
2022,9,27,S3,5,TYAN,1,allometry,16.461348697071866,NA
2022,9,28,G3,1,KOVI,1,allometry,217.7586503180466,NA
2022,9,28,G3,1,PHAU,1,allometry,844.8690149275182,NA
2022,9,28,G3,1,SPAL,1,allometry,169.61639459688823,NA
2022,9,28,G3,1,SYSU,1,allometry,1.1359020806807798,NA
2022,9,28,G3,3,ATPA,1,allometry,10.64712377038247,NA
2022,9,28,G3,3,DISP,0.01,harvest,1229,NA
2022,9,28,G3,3,KOVI,1,allometry,308.11145168175653,NA
2022,9,28,G3,3,PHAU,1,allometry,289.3469062268947,NA
2022,9,28,G3,3,SOSE,1,allometry,18.08012201149009,NA
2022,9,28,G3,4,DISP,0.01,harvest,1593,"scale used for wet acting weird, may not be reliable weight"
2022,9,28,G3,4,PHAU,1,allometry,12.371018043895766,NA
2022,9,28,G3,4,POHY,1,allometry,16.411537057101178,NA
2022,9,28,G3,4,SPPA,0.01,harvest,966,"scale used for wet acting weird, may not be reliable weight"
2022,9,28,G3,5,KOVI,1,allometry,49.649227178116,NA
2022,9,28,G3,5,SOSE,1,allometry,3.071480024829328,NA
2022,9,28,G3,5,SPCY,1,allometry,21.472504327198546,NA
2022,9,28,G3,5,SPPA,0.01,harvest,2988,NA
2022,9,28,G3,6,POHY,1,allometry,0.9555095505586082,NA
2022,9,28,G3,6,SPCY,1,allometry,884.6126661188525,NA
2024,9,16,G1,6,SCAM,1,allometry,217.88585248298148,NA
2024,9,16,G1,9,KOVI,1,allometry,0.7353714744718002,NA
2024,9,16,G1,9,PHAU,1,allometry,26.07475977611003,NA
2024,9,16,G1,9,SCAM,1,allometry,187.88228585807198,NA
2024,9,16,G1,9,SOSE,1,allometry,21.094378870988088,NA
2024,9,16,G1,11,AMCA,1,allometry,15.277118972368175,NA
2024,9,16,G1,11,KOVI,1,allometry,37.39233236839016,NA
2024,9,16,G1,11,PHAU,1,allometry,948.6143266590955,NA
2024,9,16,G1,11,SCAM,1,allometry,36.62546012432589,NA
2024,9,16,G1,11,SCRO,1,allometry,45.69640137866266,NA
2024,9,16,G1,12,DEAD,0.01,harvest,1896,NA
2024,9,16,G1,12,DISP,0.01,harvest,57.99999999999999,NA
2024,9,16,G1,12,KOVI,1,allometry,37.637917746429444,NA
2024,9,16,G1,12,SCAM,1,allometry,402.5594778332331,NA
2024,9,16,G1,12,SCAM,0.01,harvest,519,NA
2024,9,16,G1,12,SCRO,1,allometry,3.1221748024858194,NA
2024,9,16,G1,13,PHAU,1,allometry,321.7854840724197,NA
2024,9,16,G1,13,SCAM,1,allometry,227.02943125704977,NA
2024,9,16,G1,13,SCRO,1,allometry,8.880190032243569,NA
2024,9,16,G1,14,AMCA,1,allometry,82.64368261379359,NA
2024,9,16,G1,14,ATSPP,NA,allometry,NA,NA
2024,9,16,G1,14,DEAD,0.01,harvest,130,NA
2024,9,16,G1,14,KOVI,1,allometry,0.9959529116250939,NA
2024,9,16,G1,14,POHY,1,allometry,10.081460469548242,NA
2024,9,16,G1,14,SCAM,1,allometry,321.4408732169273,NA
2024,9,16,G1,14,SCAM,0.01,harvest,166,NA
2024,9,16,G1,14,SPPA,0.01,harvest,55,NA
2024,9,16,G1,15,DEAD,0.01,harvest,129,NA
2024,9,16,G1,15,KOVI,1,allometry,215.24267403760942,NA
2024,9,16,G1,15,POHY,1,allometry,3.400644865631732,NA
2024,9,16,G1,15,SCAM,1,allometry,289.0584130499179,NA
2024,9,16,G1,15,SCAM,0.01,harvest,564,NA
2024,9,16,G1,15,SPPA,0.01,harvest,134,NA
2024,9,16,G1,16,AMCA,1,allometry,7.809516204651352,NA
2024,9,16,G1,16,DEAD,0.01,harvest,195,NA
2024,9,16,G1,16,KOVI,1,allometry,66.42466335181963,NA
2024,9,16,G1,16,SCAM,1,allometry,341.71828927319234,NA
2024,9,16,G1,16,SCAM,0.01,harvest,325,NA
2024,9,16,G1,16,SPPA,0.01,harvest,25,NA
2024,9,16,G1,17,DEAD,0.01,harvest,581,NA
2024,9,16,G1,17,SCAM,1,allometry,359.9815737289016,NA
2024,9,16,G1,17,SCAM,0.01,harvest,183,NA
2024,9,16,G1,18,DEAD,0.01,harvest,448.00000000000006,NA
2024,9,16,G1,18,SCAM,1,allometry,329.3230644666347,NA
2024,9,16,G1,18,SCAM,0.01,harvest,605,NA
2024,9,16,G1,19,DEAD,0.01,harvest,286,NA
2024,9,16,G1,19,SCAM,1,allometry,274.24672448027303,NA
2024,9,16,G1,19,SCAM,0.01,harvest,450,NA
2024,9,16,G1,20,DEAD,0.01,harvest,269,NA
2024,9,16,G1,20,TYSPP,1,allometry,0,NA
2024,9,17,G1,1,DEAD,0.01,harvest,637,NA
2024,9,17,G1,1,PHAU,1,allometry,1671.9670834804756,NA
2024,9,17,G1,1,PHAU,0.01,harvest,2119,NA
2024,9,17,G1,1,SCRO,1,allometry,41.652847255130034,NA
2024,9,17,G1,1,SYSPP,1,allometry,0,NA
2024,9,17,G1,2,DEAD,0.01,harvest,428,NA
2024,9,17,G1,2,SCAM,1,allometry,74.24055343273696,NA
2024,9,17,G1,2,SPPA,0.01,harvest,28.000000000000004,NA
2024,9,17,G1,3,AMCA,NA,allometry,NA,NA
2024,9,17,G1,3,DEAD,0.01,harvest,601,NA
2024,9,17,G1,3,KOVI,NA,allometry,NA,NA
2024,9,17,G1,3,SOSE,1,allometry,68.68444980188583,NA
2024,9,17,G1,3,SPPA,0.01,harvest,998,NA
2024,9,17,G1,4,DEAD,0.01,harvest,1054,NA
2024,9,17,G1,4,SOSE,1,allometry,3.120165654740379,NA
2024,9,17,G1,4,SPPA,0.01,harvest,187.99999999999997,NA
2024,9,17,G1,5,DEAD,0.01,harvest,163,NA
2024,9,17,G1,5,DISP,0.01,harvest,160,NA
2024,9,17,G1,5,SCAM,1,allometry,94.41277218672599,NA
2024,9,17,G1,5,SCAM,0.01,harvest,60,NA
2024,9,17,G1,5,SPPA,0.01,harvest,135,NA
2024,9,17,G1,6,DEAD,0.01,harvest,775,NA
2024,9,17,G1,6,SCAM,0.01,harvest,267,NA
2024,9,17,G1,6,SPPA,0.01,harvest,68,NA
2024,9,17,G1,7,DEAD,0.01,harvest,795,NA
2024,9,17,G1,7,DISP,0.01,harvest,158,NA
2024,9,17,G1,7,POHY,1,allometry,0.48301616885480664,NA
2024,9,17,G1,7,SCAM,1,allometry,197.18802662016193,NA
2024,9,17,G1,7,SCAM,0.01,harvest,716,NA
2024,9,17,G1,8,DEAD,0.01,harvest,169,NA
2024,9,17,G1,8,SCAM,1,allometry,110.31218418436103,NA
2024,9,17,G1,8,SCAM,0.01,harvest,116.99999999999999,NA
2024,9,17,G1,8,SPPA,0.01,harvest,13,NA
2024,9,17,G1,9,DEAD,0.01,harvest,168,NA
2024,9,17,G1,9,DISP,0.01,harvest,9,NA
2024,9,17,G1,9,SOSE,0.01,harvest,551,NA
2024,9,17,G1,9,SPPA,0.01,harvest,118.99999999999999,NA
2024,9,17,G1,10,DEAD,0.01,harvest,517,NA
2024,9,17,G1,10,KOVI,1,allometry,7.5722244877835765,NA
2024,9,17,G1,10,PHAU,1,allometry,1427.5248578346368,NA
2024,9,17,G1,11,DEAD,0.01,harvest,560,NA
2024,9,17,G1,11,PHAU,0.01,harvest,484,NA
2024,9,18,G2,4,DEAD,0.01,harvest,926,NA
2024,9,18,G2,4,PHAU,1,allometry,1700.68281719136,NA
2024,9,18,G2,8,SCAM,1,allometry,186.18983993020527,NA
2024,9,18,G2,8,SOSE,1,allometry,5.058380379666534,NA
2024,9,18,G2,11,PHAU,1,allometry,355.3629129729865,NA
2024,9,18,G3,3,DEAD,0.01,harvest,2032,NA
2024,9,18,G3,3,DISP,0.01,harvest,115.99999999999999,NA
2024,9,18,G3,3,KOVI,1,allometry,339.4479720345174,NA
2024,9,18,G3,3,KOVI,0.01,harvest,1074,NA
2024,9,18,G3,3,PHAU,1,allometry,1068.1342656470968,NA
2024,9,18,G3,3,PHAU,0.01,harvest,3724,NA
2024,9,18,G3,3,SOSE,1,allometry,3.7900181399296415,NA
2024,9,18,G3,4,DEAD,0.01,harvest,561,NA
2024,9,18,G3,4,KOVI,1,allometry,7.7700010537709225,NA
2024,9,18,G3,4,PHAU,1,allometry,33.429391797753084,NA
2024,9,18,G3,4,SOSE,1,allometry,37.58748652209386,NA
2024,9,18,G3,5,DEAD,0.01,harvest,4029.9999999999995,NA
2024,9,18,G3,5,KOVI,1,allometry,145.27737598499343,NA
2024,9,18,G3,5,PHAU,1,allometry,21.55996308415307,NA
2024,9,18,G3,5,SPPA,0.01,harvest,1705.9999999999998,NA
2024,9,18,G3,5,SYSPP,1,allometry,0,NA
2024,9,18,G3,6,DEAD,0.01,harvest,1367,NA
2024,9,18,G3,6,POHY,1,allometry,0.830229608252089,NA
2024,9,18,G3,6,SOSE,1,allometry,36.105297385605915,NA
2024,9,18,G3,6,SPCY,0.01,harvest,925,NA
2024,9,20,G2,1,DEAD,0.01,harvest,375.99999999999994,NA
2024,9,20,G2,1,PHAU,1,allometry,1789.7649416009592,NA
2024,9,20,G2,1,PHAU,0.01,harvest,2584,NA
2024,9,20,G2,1,SCRO,1,allometry,2.98197759815575,NA
2024,9,20,G2,2,DEAD,0.01,harvest,374,NA
2024,9,20,G2,2,PHAU,1,allometry,1903.088538083284,NA
2024,9,20,G2,3,DEAD,0.01,harvest,1641,NA
2024,9,20,G2,3,PHAU,1,allometry,814.7693711990585,NA
2024,9,20,G2,3,PHAU,0.01,harvest,1067,NA
2024,9,20,G2,3,SCRO,1,allometry,66.96938445326529,NA
2024,9,20,G2,5,PHAU,1,allometry,3013.638275379141,NA
2024,9,20,G2,6,DEAD,0.01,harvest,342,NA
2024,9,20,G2,6,PHAU,1,allometry,2582.9464776701548,NA
2024,9,20,G2,6,PHAU,0.01,harvest,4463,NA
2024,9,20,G2,7,PHAU,NA,allometry,NA,NA
2024,9,20,G2,7,SCAM,NA,allometry,NA,NA
2024,9,20,G2,9,SCAM,NA,allometry,NA,NA
2024,9,20,G2,9,SOSE,NA,allometry,NA,NA
2024,9,20,G2,10,PHAU,NA,allometry,NA,NA
2024,9,23,G2,7,DEAD,0.01,harvest,1010.9999999999999,NA
2024,9,23,G2,7,DISP,0.01,harvest,8,NA
2024,9,23,G2,7,IVFR,0.01,harvest,3174,NA
2024,9,23,G2,7,SCAM,0.01,harvest,172,NA
2024,9,23,G2,8,DEAD,0.01,harvest,893.9999999999999,NA
2024,9,23,G2,8,DISP,0.01,harvest,120,NA
2024,9,23,G2,8,SCAM,0.01,harvest,102,NA
2024,9,23,G2,8,SPPA,0.01,harvest,277,NA
2024,9,23,G2,9,DEAD,0.01,harvest,426.99999999999994,NA
2024,9,23,G2,9,DISP,0.01,harvest,36,NA
2024,9,23,G2,9,SCAM,0.01,harvest,132,NA
2024,9,23,G2,9,SPPA,0.01,harvest,363,NA
2024,9,23,G2,10,DEAD,0.01,harvest,3929.9999999999995,NA
2024,9,23,G2,11,DEAD,0.01,harvest,1850,NA
2024,9,23,G2,11,PHAU,0.01,harvest,1410,NA
2024,9,27,G3,1,DEAD,0.01,harvest,71,NA
2024,9,27,G3,1,PHAU,1,allometry,521.6051323405777,NA
2024,9,27,G3,1,PHAU,0.01,harvest,2299,NA
2024,9,27,G3,1,SPCY,0.01,harvest,589,NA
2024,9,27,G3,2,DEAD,0.01,harvest,1225,NA
2024,9,27,G3,2,KOVI,1,allometry,4.726599950130223,NA
2024,9,27,G3,2,PHAU,1,allometry,692.8956656992696,NA
2024,9,27,G3,2,PHAU,0.01,harvest,989,NA
2024,9,27,G3,2,SCRO,1,allometry,20.892454760704986,NA
2024,9,27,G3,2,SPCY,1,allometry,0,NA
