time,precipitation_sum (mm),temperature_2m_mean (Â°C)
1/8/2004,3.7,25.9
2/8/2004,2.9,25.7
3/8/2004,1.3,25.7
4/8/2004,0,26.6
5/8/2004,1.3,23.6
6/8/2004,0,20
7/8/2004,0,19.4
8/8/2004,0,22
9/8/2004,0,23.6
10/8/2004,0,24.6
11/8/2004,8.2,24.8
12/8/2004,12.8,24.1
13/8/2004,0.9,23.7
14/8/2004,27.3,20.9
15/8/2004,30.4,22.1
16/8/2004,2.8,22.9
17/8/2004,1.3,23.3
18/8/2004,6.3,23.7
19/8/2004,0,25.2
20/8/2004,0.9,26.5
21/8/2004,2.6,24.6
22/8/2004,0,21.1
23/8/2004,0,23.3
24/8/2004,0,24.5
25/8/2004,0.9,24.1
26/8/2004,1.7,23.9
27/8/2004,0.2,24.8
28/8/2004,0,25.7
29/8/2004,0,25.7
30/8/2004,8.1,25.4
31/8/2004,3.4,25.2
1/9/2004,0,23.9
2/9/2004,0,23.5
3/9/2004,0,23.3
4/9/2004,0,24.2
5/9/2004,0,22.8
6/9/2004,0,22
7/9/2004,0.3,23.5
8/9/2004,15.8,24.1
9/9/2004,7.5,25
10/9/2004,0,23.2
11/9/2004,0.2,22.5
12/9/2004,0,22
13/9/2004,0,23.4
14/9/2004,0.8,22.6
15/9/2004,14.1,20.7
16/9/2004,0.3,22.4
17/9/2004,4.7,24.1
18/9/2004,28.2,20
19/9/2004,0,16.4
20/9/2004,0,16.5
21/9/2004,0,19.8
22/9/2004,0,22
23/9/2004,0,22.4
24/9/2004,0,21.5
25/9/2004,0,19.8
26/9/2004,0,20.5
27/9/2004,3.7,21.4
28/9/2004,47.2,22.5
29/9/2004,3,20.1
30/9/2004,3.3,20.2
1/10/2004,0,19.6
2/10/2004,4,20.6
3/10/2004,0.3,17.6
4/10/2004,0.5,19
5/10/2004,0,14.9
6/10/2004,0,13.9
7/10/2004,0,17
8/10/2004,0,18
9/10/2004,0,18.2
10/10/2004,0,17.7
11/10/2004,0,13.5
12/10/2004,0,12.7
13/10/2004,4.7,13.4
14/10/2004,3.2,15.6
15/10/2004,5.7,16.7
16/10/2004,0.8,12.8
17/10/2004,0,12.3
18/10/2004,3.1,12.9
19/10/2004,15.9,15.7
20/10/2004,2,13.4
21/10/2004,2.5,12.7
22/10/2004,0.4,12.1
23/10/2004,0,10.6
24/10/2004,1.9,10.7
25/10/2004,0.5,11.9
26/10/2004,0,13.6
27/10/2004,0,13.4
28/10/2004,0,13.3
29/10/2004,0.8,14
30/10/2004,0.5,17.4
31/10/2004,0,19.4
1/11/2004,0,15.5
2/11/2004,0,16.5
3/11/2004,0,15.9
4/11/2004,31.3,11
5/11/2004,0,11.3
6/11/2004,0,11.3
7/11/2004,0,13.7
8/11/2004,0,10.3
9/11/2004,0,5.9
10/11/2004,0,6.2
11/11/2004,0,10.3
12/11/2004,44.1,8.9
13/11/2004,9.2,6.6
14/11/2004,0,5.1
15/11/2004,0,8
16/11/2004,0,9.8
17/11/2004,0,10
18/11/2004,0.5,11.9
19/11/2004,0.4,12.6
20/11/2004,1.3,12.9
21/11/2004,0,12.4
22/11/2004,2.2,11.9
23/11/2004,0.2,11.5
24/11/2004,9.8,13.9
25/11/2004,5,12.8
26/11/2004,0,5.2
27/11/2004,2,9
28/11/2004,26.5,12.1
29/11/2004,0,7.3
30/11/2004,0,8.9
1/12/2004,16.3,10.3
2/12/2004,0,6.9
3/12/2004,0,6.5
4/12/2004,0,5.3
5/12/2004,0,8.5
6/12/2004,1.5,8.6
7/12/2004,16.7,11.1
8/12/2004,0.4,13
9/12/2004,16.1,8.5
10/12/2004,21.7,10.5
11/12/2004,3.1,9.4
12/12/2004,0,6.7
13/12/2004,0.2,7.1
14/12/2004,0,2.5
15/12/2004,0,0.4
16/12/2004,0,2.2
17/12/2004,0,5.1
18/12/2004,0,3.9
19/12/2004,2.2,3
20/12/2004,0,-6.8
21/12/2004,0,0.1
22/12/2004,0,6
23/12/2004,16.9,10.2
24/12/2004,0,0.7
25/12/2004,0,-1.9
26/12/2004,0,-1.1
27/12/2004,0,-1.9
28/12/2004,0,-2.1
29/12/2004,0,4.7
30/12/2004,0,5.7
31/12/2004,0.3,7.9
1/1/2005,0,10.2
2/1/2005,0.3,5.9
3/1/2005,1.2,9.6
4/1/2005,2.7,11.9
5/1/2005,13.8,6.3
6/1/2005,4.8,6.6
7/1/2005,0,5.8
8/1/2005,10.5,6.3
9/1/2005,0,3.9
10/1/2005,0,6
11/1/2005,2.2,5.7
12/1/2005,0.9,7.3
13/1/2005,0.7,11.7
14/1/2005,36.3,8.8
15/1/2005,0,1.1
16/1/2005,0,0.5
17/1/2005,0.1,-3.2
18/1/2005,0,-6.9
19/1/2005,2,-5.2
20/1/2005,0,-0.6
21/1/2005,0,-4.1
22/1/2005,14,-5.1
23/1/2005,0,-6.3
24/1/2005,0.5,-7
25/1/2005,0,-0.9
26/1/2005,1.1,2.2
27/1/2005,0,-5.4
28/1/2005,0,-7.3
29/1/2005,0.7,-3.1
30/1/2005,7.8,-0.1
31/1/2005,0,-0.1
1/2/2005,0,-0.3
2/2/2005,0,0.6
3/2/2005,2,0.9
4/2/2005,0,3.6
5/2/2005,0,4.8
6/2/2005,0,3.9
7/2/2005,0,3.8
8/2/2005,0.1,5.4
9/2/2005,0.2,7.3
10/2/2005,4.6,4.4
11/2/2005,0,1.1
12/2/2005,0,3.5
13/2/2005,0,3.7
14/2/2005,12.4,4.8
15/2/2005,0.2,7.9
16/2/2005,3.6,7.3
17/2/2005,0.1,3.2
18/2/2005,0,-0.9
19/2/2005,0,-1.7
20/2/2005,0.1,1.7
21/2/2005,21,5.5
22/2/2005,4.9,4.5
23/2/2005,1,4.1
24/2/2005,10.8,-0.1
25/2/2005,1.5,-1
26/2/2005,0,1.2
27/2/2005,0,-0.4
28/2/2005,15.2,0.7
1/3/2005,1.8,1.7
2/3/2005,0,0.3
3/3/2005,0,-0.8
4/3/2005,0,1.1
5/3/2005,0,3.1
6/3/2005,0,5.3
7/3/2005,0,10
8/3/2005,16.1,4.1
9/3/2005,0,-1.7
10/3/2005,0,0.3
11/3/2005,1,4.4
12/3/2005,0.2,4.1
13/3/2005,0,4.7
14/3/2005,0,3.5
15/3/2005,0,3.3
16/3/2005,0,4.7
17/3/2005,0,4.3
18/3/2005,0,5.7
19/3/2005,0,7.2
20/3/2005,4,7.8
21/3/2005,0,6.9
22/3/2005,0,6.3
23/3/2005,40.6,6.3
24/3/2005,0,5.3
25/3/2005,1.5,6
26/3/2005,0,6.2
27/3/2005,0.6,7
28/3/2005,34,9.1
29/3/2005,3.2,10.1
30/3/2005,0,9.4
31/3/2005,0,8.6
1/4/2005,0.9,10.3
2/4/2005,33.2,10.2
3/4/2005,3.5,7.3
4/4/2005,0,11.2
5/4/2005,0,11.2
6/4/2005,0,15.5
7/4/2005,2.9,16.6
8/4/2005,9.6,13.8
9/4/2005,0,11.7
10/4/2005,0,12.3
11/4/2005,0,12.9
12/4/2005,0,9
13/4/2005,0.2,10.7
14/4/2005,0,10.9
15/4/2005,0,9.6
16/4/2005,0,9.8
17/4/2005,0,12.8
18/4/2005,0,16.3
19/4/2005,0,17.4
20/4/2005,0,19.4
21/4/2005,0.1,15.9
22/4/2005,6.9,11.4
23/4/2005,15,14.6
24/4/2005,0.3,8.7
25/4/2005,0,10.9
26/4/2005,0.6,14.4
27/4/2005,1.2,15.5
28/4/2005,0,14
29/4/2005,0,13.4
30/4/2005,20.3,15.5
1/5/2005,3.9,14.2
2/5/2005,1.5,12.2
3/5/2005,0,10.8
4/5/2005,0,12.1
5/5/2005,0,13
6/5/2005,0,11.6
7/5/2005,0.1,14.1
8/5/2005,0,16.9
9/5/2005,0,16.9
10/5/2005,0,15.6
11/5/2005,0,17.7
12/5/2005,0,18.8
13/5/2005,0,14
14/5/2005,1.2,18.2
15/5/2005,0.3,18.9
16/5/2005,0,17.3
17/5/2005,0,15.8
18/5/2005,0,16.7
19/5/2005,0.5,16.9
20/5/2005,67,12.8
21/5/2005,0,15.7
22/5/2005,0.4,16.5
23/5/2005,1.3,15.4
24/5/2005,11.8,13.7
25/5/2005,5.5,12.8
26/5/2005,0,17.2
27/5/2005,0,19.7
28/5/2005,1,18.4
29/5/2005,0,18.6
30/5/2005,0,18.5
31/5/2005,0,19.3
1/6/2005,0,19.4
2/6/2005,0,16.3
3/6/2005,25.7,17
4/6/2005,0,19.1
5/6/2005,0,21.6
6/6/2005,0,22.8
7/6/2005,0.2,23.1
8/6/2005,0,24.3
9/6/2005,4.6,23.9
10/6/2005,2.2,24.5
11/6/2005,0,24.8
12/6/2005,0,24.9
13/6/2005,0,26.5
14/6/2005,0,28.1
15/6/2005,0,27.4
16/6/2005,0.5,24.8
17/6/2005,0,21.7
18/6/2005,0,21.8
19/6/2005,0.7,20.4
20/6/2005,0,19.1
21/6/2005,0,21.6
22/6/2005,2.3,23.5
23/6/2005,0,21.8
24/6/2005,0,23
25/6/2005,0,24.2
26/6/2005,0,24.3
27/6/2005,14.2,23.5
28/6/2005,0,25.5
29/6/2005,7.6,24.7
30/6/2005,0.3,25.3
1/7/2005,1.7,26.4
2/7/2005,0.4,25.8
3/7/2005,0.1,24.3
4/7/2005,0,24.2
5/7/2005,13.8,25.1
6/7/2005,0.6,25.8
7/7/2005,2.9,24.2
8/7/2005,66.5,22.3
9/7/2005,0,24.7
10/7/2005,0,25.6
11/7/2005,0,26.6
12/7/2005,0,27.3
13/7/2005,0.1,25.7
14/7/2005,9.5,25.2
15/7/2005,5.6,25.9
16/7/2005,8.8,26.7
17/7/2005,8,27.2
18/7/2005,0.4,28.4
19/7/2005,0.3,28.7
20/7/2005,0,28.7
21/7/2005,0.6,28.3
22/7/2005,0.4,28.1
23/7/2005,0,27.5
24/7/2005,0,25.9
25/7/2005,1.8,27.7
26/7/2005,0,29.4
27/7/2005,0,29.8
28/7/2005,0,25.1
29/7/2005,16.4,24.1
30/7/2005,4.5,24.9
31/7/2005,0,24.8
1/8/2005,0,25.4
2/8/2005,0.6,27.6
3/8/2005,1.3,28.2
4/8/2005,0,28.7
5/8/2005,0.3,28.4
6/8/2005,1,26.5
7/8/2005,4.2,26.6
8/8/2005,1.6,26.2
9/8/2005,5.7,24.3
10/8/2005,1.3,25.6
11/8/2005,0,28
12/8/2005,0.2,29
13/8/2005,0.3,29.1
14/8/2005,0.1,29.2
15/8/2005,0,28
16/8/2005,3.6,24.9
17/8/2005,3.1,25.2
18/8/2005,0.1,25.9
19/8/2005,6.6,23.7
20/8/2005,0,26.7
21/8/2005,0.2,28.3
22/8/2005,0,26.4
23/8/2005,0,24.4
24/8/2005,0,24.1
25/8/2005,0,23.2
26/8/2005,0,23.3
27/8/2005,4.4,22.9
28/8/2005,11,25
29/8/2005,0,25.9
30/8/2005,1.3,26.3
31/8/2005,0,27.7
1/9/2005,0,25.1
2/9/2005,0,25.8
3/9/2005,0,24.2
4/9/2005,0,23.3
5/9/2005,0,22.8
6/9/2005,0,22
7/9/2005,0,21.5
8/9/2005,0,22.3
9/9/2005,0.3,23.4
10/9/2005,0,23.3
11/9/2005,0,22.4
12/9/2005,0,23
13/9/2005,0,24
14/9/2005,0.9,25.3
15/9/2005,1,26.2
16/9/2005,0,26
17/9/2005,4.1,26.3
18/9/2005,0,24.8
19/9/2005,0,25.1
20/9/2005,0,26.1
21/9/2005,0,24
22/9/2005,0,24.4
23/9/2005,0,26.4
24/9/2005,0,22
25/9/2005,0,22.4
26/9/2005,4.8,23.8
27/9/2005,0,22.1
28/9/2005,0,20.3
29/9/2005,0.2,20.8
30/9/2005,0,15.9
1/10/2005,0,18.5
2/10/2005,0,19.7
3/10/2005,0,19.7
4/10/2005,0.6,20.7
5/10/2005,0,21.2
6/10/2005,0.2,22.2
7/10/2005,55.4,22.9
8/10/2005,64.6,20.8
9/10/2005,0,15.9
10/10/2005,0.3,17.3
11/10/2005,4.1,18.1
12/10/2005,0.7,16.4
13/10/2005,7,15.6
14/10/2005,1.1,17.8
15/10/2005,0,19.3
16/10/2005,0,16
17/10/2005,0,14.9
18/10/2005,0,17.7
19/10/2005,0,17.5
20/10/2005,0,14.9
21/10/2005,7.8,12.6
22/10/2005,19,14.1
23/10/2005,0,12.7
24/10/2005,4.7,12.7
25/10/2005,26.7,8.6
26/10/2005,0.8,9.9
27/10/2005,0,9.4
28/10/2005,0,9.2
29/10/2005,0,8.3
30/10/2005,0,11.8
31/10/2005,0,13
1/11/2005,0,14.1
2/11/2005,0.5,12.4
3/11/2005,0,12.8
4/11/2005,0,14.6
5/11/2005,0,15.4
6/11/2005,0.7,17
7/11/2005,0,14.4
8/11/2005,1.2,13.6
9/11/2005,0.8,15.9
10/11/2005,0.3,13.5
11/11/2005,0,8.4
12/11/2005,0,9.9
13/11/2005,0,13.3
14/11/2005,0,15.5
15/11/2005,0.2,16
16/11/2005,11.6,16.9
17/11/2005,2.4,5.5
18/11/2005,0,2.1
19/11/2005,0,5.5
20/11/2005,0,9
21/11/2005,9.2,9
22/11/2005,13.3,7.7
23/11/2005,0.3,3
24/11/2005,2,5.2
25/11/2005,0,-1.4
26/11/2005,0,3.3
27/11/2005,0.4,7.7
28/11/2005,1.5,13.6
29/11/2005,15.2,16
30/11/2005,7.3,10.2
1/12/2005,0,4.9
2/12/2005,0,3.5
3/12/2005,0,0.9
4/12/2005,7.4,6.1
5/12/2005,4.6,2.5
6/12/2005,3.1,0.8
7/12/2005,0,-0.4
8/12/2005,0,-1.1
9/12/2005,18.9,1.3
10/12/2005,0,0.9
11/12/2005,0,3.2
12/12/2005,0,2.5
13/12/2005,0,-2
14/12/2005,0,-4.3
15/12/2005,15.8,0.8
16/12/2005,12,5.6
17/12/2005,0,3.6
18/12/2005,0,3
19/12/2005,0,1.1
20/12/2005,0,-0.9
21/12/2005,0,-0.5
22/12/2005,0,1.1
23/12/2005,0,3.8
24/12/2005,0,5.1
25/12/2005,15.3,4.9
26/12/2005,1.1,5.7
27/12/2005,0,4.3
28/12/2005,0,5.9
29/12/2005,7.3,7.6
30/12/2005,0,6.3
31/12/2005,0.2,5.1
1/1/2006,0,5.6
2/1/2006,16.6,4.9
3/1/2006,8.5,5.8
4/1/2006,0,4.3
5/1/2006,0,6.6
6/1/2006,0,4.1
7/1/2006,0,0.8
8/1/2006,0,4.3
9/1/2006,0,10.2
10/1/2006,0,6.4
11/1/2006,12,7.2
12/1/2006,0,8.3
13/1/2006,0,8.4
14/1/2006,7.4,8.6
15/1/2006,0,1.3
16/1/2006,0,1.1
17/1/2006,0.7,4.4
18/1/2006,14.8,9
19/1/2006,0,4.8
20/1/2006,0,8.4
21/1/2006,0,9.9
22/1/2006,0.1,4.3
23/1/2006,17.6,4.4
24/1/2006,0.1,5
25/1/2006,0.3,4.5
26/1/2006,0,1.4
27/1/2006,0,1.5
28/1/2006,0,6.2
29/1/2006,1.6,8.5
30/1/2006,0,9.1
31/1/2006,1.1,6.9
1/2/2006,0,4.6
2/2/2006,0,6.2
3/2/2006,15.7,10.9
4/2/2006,8.3,9.2
5/2/2006,0,5.7
6/2/2006,0,3.6
7/2/2006,0,2.6
8/2/2006,0,0.8
9/2/2006,0,0.5
10/2/2006,0,1.7
11/2/2006,12.1,2.3
12/2/2006,18.9,0.4
13/2/2006,0,-0.9
14/2/2006,0,2.3
15/2/2006,0,6
16/2/2006,0,9.5
17/2/2006,0.7,10.2
18/2/2006,0,1.3
19/2/2006,0,-4.9
20/2/2006,0,0.4
21/2/2006,0,3.3
22/2/2006,2.6,2.6
23/2/2006,0,4.8
24/2/2006,0,3.8
25/2/2006,0,4.6
26/2/2006,0,-0.1
27/2/2006,0,-0.4
28/2/2006,0,2.5
1/3/2006,0,4.2
2/3/2006,9.8,4.5
3/3/2006,0,2.5
4/3/2006,0,2.7
5/3/2006,0,4.6
6/3/2006,0,4.5
7/3/2006,0,4.1
8/3/2006,0,4.1
9/3/2006,0,10.3
10/3/2006,2.5,15.9
11/3/2006,0,11.8
12/3/2006,4.6,12.4
13/3/2006,0,15.3
14/3/2006,2,13.2
15/3/2006,0,7.1
16/3/2006,0,7.6
17/3/2006,0,7.1
18/3/2006,0,4.1
19/3/2006,0,5
20/3/2006,0,5.2
21/3/2006,0.1,2.1
22/3/2006,0,4.3
23/3/2006,0,5.6
24/3/2006,0,6.3
25/3/2006,0,6.4
26/3/2006,0.3,6.5
27/3/2006,0,8
28/3/2006,0.5,9.1
29/3/2006,0,10.5
30/3/2006,0,11.4
31/3/2006,0,14.1
1/4/2006,3,16.6
2/4/2006,0,13.3
3/4/2006,11.5,12.9
4/4/2006,0,10.6
5/4/2006,0.7,8.4
6/4/2006,0,10.4
7/4/2006,2.9,14.1
8/4/2006,28.3,10.2
9/4/2006,0,7.5
10/4/2006,0,9.8
11/4/2006,0,12.7
12/4/2006,0,14.4
13/4/2006,0.9,16.5
14/4/2006,0.1,15.7
15/4/2006,1.6,18.8
16/4/2006,0,15.6
17/4/2006,1.8,12.3
18/4/2006,0,13.5
19/4/2006,0,16.7
20/4/2006,0,18.1
21/4/2006,10.7,15.1
22/4/2006,43.7,14.8
23/4/2006,3,14.4
24/4/2006,0.5,15.9
25/4/2006,0.2,16
26/4/2006,2.3,10.6
27/4/2006,0,14.2
28/4/2006,0,13.8
29/4/2006,0,12.7
30/4/2006,0,13
1/5/2006,0,14.2
2/5/2006,0,16.1
3/5/2006,0,17.8
4/5/2006,0,18.9
5/5/2006,0,20
6/5/2006,0,19.4
7/5/2006,0.9,14.3
8/5/2006,2.2,13.1
9/5/2006,0,15.5
10/5/2006,0,17.1
11/5/2006,19.9,17.1
12/5/2006,6.1,15.8
13/5/2006,0.8,16.7
14/5/2006,1,15.4
15/5/2006,9.7,15.8
16/5/2006,1.5,16.2
17/5/2006,1.9,16.7
18/5/2006,0,17.9
19/5/2006,0.4,15.3
20/5/2006,0,17.4
21/5/2006,0,17.2
22/5/2006,0,14.8
23/5/2006,0,14.4
24/5/2006,0,16.9
25/5/2006,0,18.7
26/5/2006,2.1,21
27/5/2006,0.4,21.8
28/5/2006,0,22.1
29/5/2006,0,22.8
30/5/2006,0,24.8
31/5/2006,0,23.5
1/6/2006,4.4,24.3
2/6/2006,12.3,22.9
3/6/2006,1.2,21.7
4/6/2006,1.4,19.9
5/6/2006,0,19.4
6/6/2006,0,20.5
7/6/2006,0,21.4
8/6/2006,4.2,20.8
9/6/2006,0.7,21
10/6/2006,0,19.5
11/6/2006,0,18.7
12/6/2006,2.1,18
13/6/2006,0,20.3
14/6/2006,4.9,19.4
15/6/2006,0,22
16/6/2006,0,22
17/6/2006,0,22.9
18/6/2006,0,24.9
19/6/2006,0.4,24.9
20/6/2006,0,24.7
21/6/2006,0,25.3
22/6/2006,1.6,26.5
23/6/2006,11.6,25.2
24/6/2006,38,24.1
25/6/2006,27.6,23.7
26/6/2006,34.5,23.8
27/6/2006,38.1,23.9
28/6/2006,10.4,25.1
29/6/2006,0.3,24.8
30/6/2006,0,23.5
1/7/2006,0,24.5
2/7/2006,0,26.2
3/7/2006,0,26.6
4/7/2006,1.6,26.5
5/7/2006,21.3,24.6
6/7/2006,15.4,22.7
7/7/2006,0,22.5
8/7/2006,0,23.3
9/7/2006,0,24
10/7/2006,0,24.8
11/7/2006,0,26.4
12/7/2006,3.8,26.9
13/7/2006,3.9,25.8
14/7/2006,0,26.1
15/7/2006,4.5,26.3
16/7/2006,0,27.8
17/7/2006,0,28.8
18/7/2006,0.4,28.9
19/7/2006,1.1,27
20/7/2006,0.1,26.9
21/7/2006,6.7,27.6
22/7/2006,10.8,26.5
23/7/2006,0,24.6
24/7/2006,0,25.3
25/7/2006,0,25.5
26/7/2006,0,26.3
27/7/2006,0,27.6
28/7/2006,0.1,28.4
29/7/2006,0,28.2
30/7/2006,0,28.9
31/7/2006,0,29.4
1/8/2006,0,30.4
2/8/2006,0,31.2
3/8/2006,0,31.6
4/8/2006,0.6,30.1
5/8/2006,0,27.8
6/8/2006,0,27.1
7/8/2006,2.5,27.6
8/8/2006,0,27.6
9/8/2006,0,25
10/8/2006,9.1,23.7
11/8/2006,0,23.7
12/8/2006,0,22.3
13/8/2006,0,22.6
14/8/2006,0,25.4
15/8/2006,3.7,26
16/8/2006,0.7,25.4
17/8/2006,0,25.1
18/8/2006,0,24.7
19/8/2006,0.8,25.7
20/8/2006,0,27.8
21/8/2006,0,25.2
22/8/2006,0,25.6
23/8/2006,0,26.1
24/8/2006,0.7,25.9
25/8/2006,0,26.9
26/8/2006,0.8,26.2
27/8/2006,1.1,26.4
28/8/2006,2.2,27
29/8/2006,1.2,26.8
30/8/2006,2,23
31/8/2006,0.1,22.1
1/9/2006,76.2,19
2/9/2006,34.9,19.8
3/9/2006,0,20.2
4/9/2006,0,21.6
5/9/2006,37.4,19.4
6/9/2006,0.2,20.7
7/9/2006,0,21.5
8/9/2006,0.2,22.3
9/9/2006,0,22.9
10/9/2006,0.2,22.4
11/9/2006,0,19.6
12/9/2006,0,18.3
13/9/2006,1.2,18.9
14/9/2006,33,19.7
15/9/2006,9.3,19.5
16/9/2006,1.4,20.4
17/9/2006,0,21.6
18/9/2006,0,22.5
19/9/2006,3,22.2
20/9/2006,0,18.2
21/9/2006,0,15.7
22/9/2006,0.1,17.8
23/9/2006,3.9,22.3
24/9/2006,9.9,23.6
25/9/2006,0,19.8
26/9/2006,0,18.7
27/9/2006,0,19.4
28/9/2006,8.7,19.8
29/9/2006,4.5,15.8
30/9/2006,0,16.8
1/10/2006,4.2,18.1
2/10/2006,0,18
3/10/2006,0,21
4/10/2006,0,21.7
5/10/2006,1.4,18.5
6/10/2006,44.6,13.6
7/10/2006,4.3,13.9
8/10/2006,0,16.3
9/10/2006,0,17.5
10/10/2006,0,18.9
11/10/2006,0.6,18
12/10/2006,0,17.6
13/10/2006,0,9.9
14/10/2006,0,11.4
15/10/2006,0,11.6
16/10/2006,0,13.4
17/10/2006,21.4,16.2
18/10/2006,2.6,18.9
19/10/2006,0,18.4
20/10/2006,8.2,17
21/10/2006,0,11.9
22/10/2006,0.7,13.2
23/10/2006,0,10
24/10/2006,0,7.9
25/10/2006,0,8.6
26/10/2006,0,8.4
27/10/2006,11.7,9.6
28/10/2006,32,14.1
29/10/2006,0,10.8
30/10/2006,0,11.9
31/10/2006,0,14.9
1/11/2006,0,15.9
2/11/2006,6,11.2
3/11/2006,0,5.3
4/11/2006,0,4.4
5/11/2006,0,6.6
6/11/2006,0,8.6
7/11/2006,5.3,11.1
8/11/2006,56.3,15.1
9/11/2006,0,15.7
10/11/2006,0,15.1
11/11/2006,0,16.3
12/11/2006,27.7,12.3
13/11/2006,6.8,12.9
14/11/2006,1.2,13.9
15/11/2006,0.3,13.4
16/11/2006,31.9,17.3
17/11/2006,0,12.8
18/11/2006,0,8.1
19/11/2006,0,8.2
20/11/2006,0,6.7
21/11/2006,0,5.8
22/11/2006,18.9,6.4
23/11/2006,8,7.4
24/11/2006,0,9.9
25/11/2006,0,8.4
26/11/2006,0,8.8
27/11/2006,0,9.3
28/11/2006,0,10.4
29/11/2006,0,11.5
30/11/2006,0,15.2
1/12/2006,0.5,18
2/12/2006,0,7.4
3/12/2006,0,5.3
4/12/2006,0,3.1
5/12/2006,0,2.2
6/12/2006,0,5.7
7/12/2006,0,7.1
8/12/2006,0.2,-0.9
9/12/2006,0,0.5
10/12/2006,0,5
11/12/2006,0,7.5
12/12/2006,0,7.9
13/12/2006,3.1,9.2
14/12/2006,0,8.1
15/12/2006,0,9.5
16/12/2006,0,8.2
17/12/2006,0,8.7
18/12/2006,0,12.5
19/12/2006,0,7.5
20/12/2006,0,4.5
21/12/2006,0,6.6
22/12/2006,13.4,9.3
23/12/2006,13.5,12.1
24/12/2006,0,8.2
25/12/2006,14.1,6.8
26/12/2006,0.3,9.9
27/12/2006,0,6.3
28/12/2006,0,5.8
29/12/2006,0,6.9
30/12/2006,0,7.3
31/12/2006,0.4,6.3
1/1/2007,46.2,10.9
2/1/2007,0,7.3
3/1/2007,0,6.6
4/1/2007,0,9.6
5/1/2007,3.1,13.3
6/1/2007,5.6,16
7/1/2007,7.8,9.7
8/1/2007,27,9.5
9/1/2007,0.1,5
10/1/2007,0,2
11/1/2007,0,1.9
12/1/2007,0,7.5
13/1/2007,0.6,11.7
14/1/2007,5.9,12.4
15/1/2007,0.6,13.8
16/1/2007,0.6,8.9
17/1/2007,0,-0.8
18/1/2007,0.3,0.6
19/1/2007,1,3.7
20/1/2007,0,1.1
21/1/2007,4.8,-1.6
22/1/2007,4.4,1.6
23/1/2007,0,2.4
24/1/2007,0,2.2
25/1/2007,0.4,1
26/1/2007,0,-3.7
27/1/2007,0,3.5
28/1/2007,0.4,4
29/1/2007,0,-1.8
30/1/2007,0.1,0.4
31/1/2007,0,-1.8
1/2/2007,0,0.5
2/2/2007,3.6,2
3/2/2007,0,0
4/2/2007,0,-1.3
5/2/2007,0,-7.6
6/2/2007,0,-7.7
7/2/2007,2.4,-4.5
8/2/2007,0,-5.3
9/2/2007,0,-3.8
10/2/2007,0,-2.6
11/2/2007,0,-2.6
12/2/2007,0,1.2
13/2/2007,6.6,-0.2
14/2/2007,28.1,-0.5
15/2/2007,0,-5.7
16/2/2007,0,-4.9
17/2/2007,0.1,-1.5
18/2/2007,0,-0.3
19/2/2007,0,-2.9
20/2/2007,0.3,5.7
21/2/2007,0.8,6.1
22/2/2007,1.7,4.8
23/2/2007,0,0.9
24/2/2007,0,0
25/2/2007,20.1,0.8
26/2/2007,4.1,2.4
27/2/2007,0.1,4
28/2/2007,0,3.8
1/3/2007,3.2,5.2
2/3/2007,19.4,11.2
3/3/2007,0,7.7
4/3/2007,0,3
5/3/2007,0,3.3
6/3/2007,0,-3.1
7/3/2007,6.3,-3.1
8/3/2007,0,-1.5
9/3/2007,0,0.6
10/3/2007,0.6,6.8
11/3/2007,3.2,8.2
12/3/2007,0.3,5.7
13/3/2007,0,9.5
14/3/2007,0,14.1
15/3/2007,5.3,12
16/3/2007,51.2,2.7
17/3/2007,0.3,0.5
18/3/2007,0,2
19/3/2007,0,5.1
20/3/2007,0,10.5
21/3/2007,0,4.5
22/3/2007,0.2,11.4
23/3/2007,4.6,14.4
24/3/2007,6.2,10.5
25/3/2007,0.5,9.9
26/3/2007,0,9.6
27/3/2007,0,17.3
28/3/2007,0,14.9
29/3/2007,0,10
30/3/2007,0,9.6
31/3/2007,0,10.3
1/4/2007,2.3,10.5
2/4/2007,4.4,15
3/4/2007,0,13.7
4/4/2007,8.6,9.7
5/4/2007,0,5.5
6/4/2007,0,5
7/4/2007,2.9,3
8/4/2007,0,3.4
9/4/2007,0,4.7
10/4/2007,0,6.1
11/4/2007,0.1,7.6
12/4/2007,22.9,10.7
13/4/2007,0,9.4
14/4/2007,5.4,8.3
15/4/2007,86.1,8.1
16/4/2007,3,7
17/4/2007,0,9.2
18/4/2007,0,8.6
19/4/2007,0.3,9.7
20/4/2007,0,12.6
21/4/2007,0,14.1
22/4/2007,0,15.6
23/4/2007,0,18.1
24/4/2007,0,19.4
25/4/2007,1.2,16.1
26/4/2007,1.6,12.1
27/4/2007,14.7,13.7
28/4/2007,1,15.3
29/4/2007,0,16.2
30/4/2007,0,19
1/5/2007,0,17
2/5/2007,0,18.7
3/5/2007,0,15
4/5/2007,0,15.1
5/5/2007,0.3,14.3
6/5/2007,0,13.2
7/5/2007,0,12.4
8/5/2007,0,14.3
9/5/2007,0,17.4
10/5/2007,0,18.4
11/5/2007,0,19.4
12/5/2007,9.5,19
13/5/2007,12,15.8
14/5/2007,0,15.1
15/5/2007,0,19.9
16/5/2007,7.7,20.7
17/5/2007,0.1,16.7
18/5/2007,2.5,14
19/5/2007,0.6,15.8
20/5/2007,1.3,18.6
21/5/2007,0,17.8
22/5/2007,0,17.8
23/5/2007,0,18.4
24/5/2007,0,19.2
25/5/2007,0,21.3
26/5/2007,0.3,23
27/5/2007,1,23.2
28/5/2007,0.5,22.8
29/5/2007,0,22.2
30/5/2007,0,22.2
31/5/2007,0,23.6
1/6/2007,0,24.2
2/6/2007,0,24.4
3/6/2007,15.5,20.9
4/6/2007,2.6,22.4
5/6/2007,0,23.4
6/6/2007,2.3,20.4
7/6/2007,0,21.9
8/6/2007,0,25.4
9/6/2007,0,25.2
10/6/2007,3.6,20.7
11/6/2007,0,22.5
12/6/2007,1.2,23.2
13/6/2007,2.6,21.2
14/6/2007,0.3,17.3
15/6/2007,0,18.6
16/6/2007,0,21.3
17/6/2007,0,24.4
18/6/2007,0,26
19/6/2007,0,25.8
20/6/2007,0.9,24.9
21/6/2007,0,23.7
22/6/2007,0,23.4
23/6/2007,0,21.9
24/6/2007,0,23.1
25/6/2007,6,24.3
26/6/2007,0.5,25.8
27/6/2007,1.5,26.9
28/6/2007,4.9,26.1
29/6/2007,7.4,23
30/6/2007,2.2,22.8
1/7/2007,0.2,22.3
2/7/2007,0,20.8
3/7/2007,0,21.7
4/7/2007,2.1,23.9
5/7/2007,13.7,24
6/7/2007,1.3,25.3
7/7/2007,0,25.6
8/7/2007,0,26.8
9/7/2007,0,27.9
10/7/2007,0,27.3
11/7/2007,0.3,26.6
12/7/2007,0,25
13/7/2007,0,25.6
14/7/2007,0,25.1
15/7/2007,0,27.3
16/7/2007,2.4,26.6
17/7/2007,0,26.7
18/7/2007,0.2,26.9
19/7/2007,2.1,27.1
20/7/2007,0.9,25.4
21/7/2007,0,23.8
22/7/2007,0,24.5
23/7/2007,0,23.8
24/7/2007,0,24.6
25/7/2007,0,25.1
26/7/2007,0,26.1
27/7/2007,1.4,26.2
28/7/2007,6.8,26.2
29/7/2007,11.3,24.6
30/7/2007,2.1,24.9
31/7/2007,0,26.5
1/8/2007,0,27.1
2/8/2007,0,27.5
3/8/2007,0,27.7
4/8/2007,0,28.4
5/8/2007,10.5,26.7
6/8/2007,16.6,27.1
7/8/2007,0,28.8
8/8/2007,0,30.8
9/8/2007,0,28.3
10/8/2007,3.6,26.7
11/8/2007,0,23
12/8/2007,0,25.6
13/8/2007,0,27.3
14/8/2007,0,25.2
15/8/2007,0,26.2
16/8/2007,0,28
17/8/2007,7.7,27.2
18/8/2007,0,23.5
19/8/2007,1.8,22.8
20/8/2007,19,20.1
21/8/2007,33.7,20.6
22/8/2007,4.7,19.8
23/8/2007,0,22.1
24/8/2007,0,25.5
25/8/2007,0,27.4
26/8/2007,3.3,25.6
27/8/2007,0,25
28/8/2007,0,24.7
29/8/2007,0,24.8
30/8/2007,0,25.1
31/8/2007,0,25.4
1/9/2007,0,23.1
2/9/2007,0,22.8
3/9/2007,0,23.7
4/9/2007,0,25.3
5/9/2007,0,25.4
6/9/2007,0,25.4
7/9/2007,0,25.8
8/9/2007,0,25.3
9/9/2007,0,24.9
10/9/2007,0.8,26.2
11/9/2007,7.2,24.7
12/9/2007,0,22.3
13/9/2007,0,22.2
14/9/2007,5.1,22.8
15/9/2007,12.4,19.5
16/9/2007,0,15.9
17/9/2007,0,17.3
18/9/2007,0,17.9
19/9/2007,0,19.2
20/9/2007,0,20
21/9/2007,0,22.2
22/9/2007,0.9,23.7
23/9/2007,0,23.6
24/9/2007,0,21.1
25/9/2007,0,22.4
26/9/2007,0,24.2
27/9/2007,0,24
28/9/2007,0,22.4
29/9/2007,0,19.5
30/9/2007,0,18.9
1/10/2007,0,19.4
2/10/2007,0,20.3
3/10/2007,0,21.9
4/10/2007,0,22.3
5/10/2007,0,21.9
6/10/2007,0,22.6
7/10/2007,0,24.4
8/10/2007,0,24.3
9/10/2007,0.3,25.3
10/10/2007,1.5,22.9
11/10/2007,0.4,16.8
12/10/2007,0.3,15.9
13/10/2007,0,15.4
14/10/2007,0,15.9
15/10/2007,0,17.2
16/10/2007,0,19
17/10/2007,0,20.5
18/10/2007,0.2,21.2
19/10/2007,6.3,22.1
20/10/2007,0,19
21/10/2007,0,18.4
22/10/2007,0,19.7
23/10/2007,0,22.7
24/10/2007,16.2,19.3
25/10/2007,8.4,14.4
26/10/2007,26.8,16.1
27/10/2007,36.3,18.9
28/10/2007,0,13.1
29/10/2007,0,9.7
30/10/2007,0,12.1
31/10/2007,0,14.1
1/11/2007,0,15.5
2/11/2007,0,11.3
3/11/2007,0,11.7
4/11/2007,0,11.4
5/11/2007,0,11.7
6/11/2007,4.1,10.9
7/11/2007,0,8.2
8/11/2007,0,5.9
9/11/2007,0.8,7.4
10/11/2007,0.7,7.3
11/11/2007,0,7.1
12/11/2007,1.6,10.4
13/11/2007,1.5,13.1
14/11/2007,0,13.6
15/11/2007,16.7,11.3
16/11/2007,0,6.7
17/11/2007,0,6.8
18/11/2007,0.7,9.5
19/11/2007,5.9,8.3
20/11/2007,1.3,11
21/11/2007,0,13.8
22/11/2007,0.4,15.2
23/11/2007,0,5.4
24/11/2007,0,3.2
25/11/2007,0,7.4
26/11/2007,7.8,11
27/11/2007,1.3,11.9
28/11/2007,0,5.7
29/11/2007,0,8.3
30/11/2007,0,5.3
1/12/2007,0,3.9
2/12/2007,15.5,5
3/12/2007,5.5,7.7
4/12/2007,0,2.7
5/12/2007,6.7,0.2
6/12/2007,0.1,-2.4
7/12/2007,0.5,0.6
8/12/2007,4.1,4.8
9/12/2007,5.7,5.7
10/12/2007,7.7,8.1
11/12/2007,3.4,7.4
12/12/2007,0.1,11.3
13/12/2007,11.1,4.7
14/12/2007,0,5.5
15/12/2007,2.9,2.9
16/12/2007,25.7,5.5
17/12/2007,0,2.1
18/12/2007,0,1.2
19/12/2007,0,4.2
20/12/2007,0,4.2
21/12/2007,0,4.3
22/12/2007,0,6.2
23/12/2007,12.8,10.2
24/12/2007,0,6.4
25/12/2007,0,5.2
26/12/2007,1.7,3.1
27/12/2007,0,5.1
28/12/2007,3.2,5.8
29/12/2007,12.1,8.7
30/12/2007,6.8,4.7
31/12/2007,1.6,5.1
1/1/2008,0,6.4
2/1/2008,0,0.5
3/1/2008,0,-2.9
4/1/2008,0,-0.6
5/1/2008,0,2
6/1/2008,5.6,5.5
7/1/2008,0,10.1
8/1/2008,0,11.6
9/1/2008,2.1,12.3
10/1/2008,4.8,5.9
11/1/2008,9.2,8.9
12/1/2008,0,6.2
13/1/2008,3.2,4.5
14/1/2008,0,4
15/1/2008,0.1,1.2
16/1/2008,0,2.1
17/1/2008,13.7,2
18/1/2008,2.5,4
19/1/2008,0.1,2.7
20/1/2008,0.1,-3.1
21/1/2008,0,-4.8
22/1/2008,1.8,0.7
23/1/2008,0,2.9
24/1/2008,0,0.3
25/1/2008,0,-2.1
26/1/2008,0,-0.2
27/1/2008,0,1.5
28/1/2008,0,2
29/1/2008,0,4
30/1/2008,2.4,6.5
31/1/2008,0,1.4
1/2/2008,48.7,5.3
2/2/2008,0,4.2
3/2/2008,0,4.9
4/2/2008,0,7.2
5/2/2008,0.1,9.6
6/2/2008,0.6,15.2
7/2/2008,2.4,9
8/2/2008,0,4.6
9/2/2008,0.5,6
10/2/2008,0.1,4.7
11/2/2008,0,-5
12/2/2008,6,-2
13/2/2008,20.8,3.8
14/2/2008,1.1,1
15/2/2008,0,5
16/2/2008,0,2
17/2/2008,2,4.3
18/2/2008,12.9,10.9
19/2/2008,0.4,4.3
20/2/2008,1.4,-0.8
21/2/2008,0,-2.8
22/2/2008,10,0.3
23/2/2008,0.2,2
24/2/2008,0.1,1.6
25/2/2008,0,4.1
26/2/2008,7.9,6.5
27/2/2008,0,3.1
28/2/2008,0,-1.9
29/2/2008,0.1,0.7
1/3/2008,0.4,5.9
2/3/2008,0,3.2
3/3/2008,0,8.1
4/3/2008,1.2,13
5/3/2008,14.7,9.7
6/3/2008,0,5.2
7/3/2008,16.9,6.2
8/3/2008,35.1,8.4
9/3/2008,0,2.4
10/3/2008,0,4.3
11/3/2008,0.9,6.4
12/3/2008,0,7.8
13/3/2008,0,7
14/3/2008,0.5,9.8
15/3/2008,1.2,10.6
16/3/2008,6.1,7.8
17/3/2008,0,5.2
18/3/2008,1.8,7.6
19/3/2008,12.9,12.2
20/3/2008,2.9,9.5
21/3/2008,0,6.8
22/3/2008,0.1,6.2
23/3/2008,0,4.5
24/3/2008,0,6.1
25/3/2008,0.4,5.6
26/3/2008,0,12.1
27/3/2008,2,10
28/3/2008,0.9,12.9
29/3/2008,0,6.4
30/3/2008,0,5.4
31/3/2008,2.8,9.5
1/4/2008,3.8,15.7
2/4/2008,0,9.8
3/4/2008,8.1,6.8
4/4/2008,6.2,10.5
5/4/2008,2.6,13
6/4/2008,10.7,9
7/4/2008,0.1,7.7
8/4/2008,0,9
9/4/2008,0,10.4
10/4/2008,0,13.9
11/4/2008,0,16.5
12/4/2008,4.1,17.5
13/4/2008,0,11.6
14/4/2008,0.5,8.8
15/4/2008,0,10.1
16/4/2008,0,11.6
17/4/2008,0,13.8
18/4/2008,0,17.6
19/4/2008,0,17.6
20/4/2008,6.8,16
21/4/2008,12.8,14.8
22/4/2008,0.1,15.9
23/4/2008,0,16.9
24/4/2008,0,18.4
25/4/2008,0,18.1
26/4/2008,0.3,18.8
27/4/2008,5.5,13.2
28/4/2008,19.7,13.6
29/4/2008,0.1,12.4
30/4/2008,0.2,11.4
1/5/2008,0.3,13.1
2/5/2008,0,17.4
3/5/2008,0,17.6
4/5/2008,0.5,16.9
5/5/2008,0,15.4
6/5/2008,0,17.1
7/5/2008,0,19.1
8/5/2008,1.4,20
9/5/2008,40.4,15.3
10/5/2008,9.6,13.4
11/5/2008,15.4,13.6
12/5/2008,50.8,10.2
13/5/2008,0,14.8
14/5/2008,0.2,16.3
15/5/2008,0.3,18.9
16/5/2008,14.4,17
17/5/2008,0,16.9
18/5/2008,2.6,17.3
19/5/2008,0,14.8
20/5/2008,7.5,12.8
21/5/2008,0.2,14.9
22/5/2008,0,14.8
23/5/2008,0,15.5
24/5/2008,0,17.4
25/5/2008,0,17.7
26/5/2008,0,20.3
27/5/2008,4.5,21.9
28/5/2008,0,17
29/5/2008,0,17.7
30/5/2008,0,19.9
31/5/2008,6.1,22.2
1/6/2008,0,22.8
2/6/2008,0,20.3
3/6/2008,5.4,21.1
4/6/2008,22,22.5
5/6/2008,0.9,22.5
6/6/2008,0,21.9
7/6/2008,0.2,25.6
8/6/2008,0,27.2
9/6/2008,0,28.3
10/6/2008,1.6,28
11/6/2008,0,25.4
12/6/2008,0,25.8
13/6/2008,0,25.4
14/6/2008,3.1,25.3
15/6/2008,4.5,25
16/6/2008,2.9,23.8
17/6/2008,0,21.6
18/6/2008,0,20.5
19/6/2008,0,19.9
20/6/2008,0,22.3
21/6/2008,2.2,23.8
22/6/2008,0.5,23.6
23/6/2008,0,23.8
24/6/2008,0,23.1
25/6/2008,0,24.6
26/6/2008,0,27.2
27/6/2008,2.3,26.5
28/6/2008,0,26.5
29/6/2008,2.8,26.7
30/6/2008,4.3,24.6
1/7/2008,0.1,23.3
2/7/2008,0,24.6
3/7/2008,0,26.4
4/7/2008,3.1,24.8
5/7/2008,5.8,23.8
6/7/2008,12,24
7/7/2008,5,25.4
8/7/2008,1.3,25.8
9/7/2008,10.3,24.8
10/7/2008,0,25.6
11/7/2008,0,25.6
12/7/2008,0,26.5
13/7/2008,1,25.9
14/7/2008,17.3,23.7
15/7/2008,0,25.7
16/7/2008,0,26.7
17/7/2008,0,27.7
18/7/2008,0,28.2
19/7/2008,0,28
20/7/2008,0,28.2
21/7/2008,0,28.3
22/7/2008,0,28.7
23/7/2008,28.1,26.3
24/7/2008,8.3,24.2
25/7/2008,0,25.1
26/7/2008,0,25.9
27/7/2008,4.2,25.3
28/7/2008,0,25.3
29/7/2008,0,26.5
30/7/2008,0.1,26.9
31/7/2008,0.1,27.1
1/8/2008,0,27.6
2/8/2008,9.9,26.1
3/8/2008,0,25.3
4/8/2008,0,25.7
5/8/2008,0,26.6
6/8/2008,0,27.7
7/8/2008,1.5,25.6
8/8/2008,0,24.1
9/8/2008,0,22.9
10/8/2008,3.6,23.3
11/8/2008,0.2,21.7
12/8/2008,0,22.9
13/8/2008,0,24.2
14/8/2008,12.4,23.8
15/8/2008,0.3,22.9
16/8/2008,0,23.8
17/8/2008,0,24.3
18/8/2008,0,25.3
19/8/2008,0,26.4
20/8/2008,0,22.1
21/8/2008,0,23
22/8/2008,0,23.3
23/8/2008,0.1,23.6
24/8/2008,0,24.9
25/8/2008,0.7,26.1
26/8/2008,0,22.5
27/8/2008,0,22.7
28/8/2008,12.1,22.2
29/8/2008,10.2,22.7
30/8/2008,0.3,25
31/8/2008,0,25
1/9/2008,0,23.9
2/9/2008,0,24.5
3/9/2008,0,25.5
4/9/2008,0,26.6
5/9/2008,17.4,25.4
6/9/2008,43.7,24.5
7/9/2008,0,23.3
8/9/2008,0,24.3
9/9/2008,12.4,23.5
10/9/2008,0,21.3
11/9/2008,0,21.9
12/9/2008,2.2,22.9
13/9/2008,2.8,25.5
14/9/2008,0,27.1
15/9/2008,0,26
16/9/2008,0.5,20.7
17/9/2008,0,20.2
18/9/2008,0,21.2
19/9/2008,0,19.1
20/9/2008,0,17.6
21/9/2008,0,19.4
22/9/2008,0,20.8
23/9/2008,0,19.4
24/9/2008,0,18.2
25/9/2008,20,16.9
26/9/2008,16,18.7
27/9/2008,22.5,21.5
28/9/2008,10,21.3
29/9/2008,0,20.2
30/9/2008,6.3,18.8
1/10/2008,3.4,17.4
2/10/2008,0,14.8
3/10/2008,0,16.6
4/10/2008,0,17.3
5/10/2008,0,18.4
6/10/2008,0,16.2
7/10/2008,0,13.3
8/10/2008,0.3,15.8
9/10/2008,1.5,19.8
10/10/2008,0,18.9
11/10/2008,0,17.4
12/10/2008,0,17.3
13/10/2008,0,18.2
14/10/2008,0,19.1
15/10/2008,0,20.7
16/10/2008,0,21.1
17/10/2008,0,15.2
18/10/2008,0,12.6
19/10/2008,0,11.1
20/10/2008,0,11.3
21/10/2008,0,12.8
22/10/2008,0,9.9
23/10/2008,0,9
24/10/2008,0.6,11.5
25/10/2008,18,16
26/10/2008,0,13
27/10/2008,3.7,10
28/10/2008,8.4,8.2
29/10/2008,0,7.9
30/10/2008,0,7.2
31/10/2008,0,10.7
1/11/2008,0,13.9
2/11/2008,0,12.1
3/11/2008,0,12.1
4/11/2008,4.4,13.3
5/11/2008,9.8,14.9
6/11/2008,8.5,16
7/11/2008,0,15.6
8/11/2008,9.4,14.3
9/11/2008,0,11.5
10/11/2008,0,8.2
11/11/2008,0,6.3
12/11/2008,0,9.1
13/11/2008,14.9,10.8
14/11/2008,0.9,12.1
15/11/2008,18.9,16.2
16/11/2008,0,8.6
17/11/2008,0.7,5.7
18/11/2008,0,2.8
19/11/2008,0,1.3
20/11/2008,0,4.9
21/11/2008,1.9,2.3
22/11/2008,0,0.3
23/11/2008,0,1.5
24/11/2008,2.6,5
25/11/2008,6.3,6.5
26/11/2008,0,4.7
27/11/2008,0,4.8
28/11/2008,0,6.1
29/11/2008,0,4.8
30/11/2008,18.5,6
1/12/2008,2.6,8.1
2/12/2008,0,5
3/12/2008,0,3.7
4/12/2008,1.1,6.9
5/12/2008,0.3,3.1
6/12/2008,0.4,0.5
7/12/2008,0,0.4
8/12/2008,0,-1.9
9/12/2008,0,6.7
10/12/2008,13.1,12.9
11/12/2008,44.7,5.9
12/12/2008,15,4.6
13/12/2008,0,0.8
14/12/2008,0,4.4
15/12/2008,0.8,11.8
16/12/2008,11.5,5.4
17/12/2008,7.6,4.8
18/12/2008,0,4.3
19/12/2008,17,5.6
20/12/2008,0.1,3.2
21/12/2008,5,1.7
22/12/2008,0,-3.9
23/12/2008,0,-3
24/12/2008,2.2,6.3
25/12/2008,2.1,7.7
26/12/2008,0,2.3
27/12/2008,0,7.9
28/12/2008,1.3,13.1
29/12/2008,0,6.5
30/12/2008,0,6.5
31/12/2008,0,3.3
1/1/2009,0,-1.7
2/1/2009,0.5,1.9
3/1/2009,0,2.6
4/1/2009,0,1.9
5/1/2009,0.9,5.6
6/1/2009,10.7,2.2
7/1/2009,45.1,3.2
8/1/2009,0,2.9
9/1/2009,0,0.2
10/1/2009,5.7,2.2
11/1/2009,3.8,3
12/1/2009,0,0.4
13/1/2009,0,1.4
14/1/2009,0,-1.7
15/1/2009,0,-3.3
16/1/2009,0,-8.7
17/1/2009,0,-8.3
18/1/2009,0.1,0.4
19/1/2009,0.1,-0.5
20/1/2009,0,-3.4
21/1/2009,0,-3.8
22/1/2009,0,-0.5
23/1/2009,0,2.8
24/1/2009,0,2.9
25/1/2009,0,-3
26/1/2009,0,-2.2
27/1/2009,6.3,-1.3
28/1/2009,17.5,2.2
29/1/2009,0,-0.4
30/1/2009,0,-0.4
31/1/2009,0,-2.5
1/2/2009,0,4.4
2/2/2009,0,5
3/2/2009,2.2,1.6
4/2/2009,0.4,-1.1
5/2/2009,0,-5.1
6/2/2009,0,-1.9
7/2/2009,0,3.7
8/2/2009,0,9.4
9/2/2009,0,3.4
10/2/2009,0,6.7
11/2/2009,0,11.4
12/2/2009,0,11.1
13/2/2009,0,6
14/2/2009,0,2.7
15/2/2009,0,2.3
16/2/2009,0,1.5
17/2/2009,0,0.7
18/2/2009,7.4,3
19/2/2009,0.3,4.8
20/2/2009,0,-0.7
21/2/2009,0,0.8
22/2/2009,1.1,3
23/2/2009,0,-0.1
24/2/2009,0,-1.2
25/2/2009,0,1.7
26/2/2009,0,5.3
27/2/2009,1.3,10.2
28/2/2009,1.2,5
1/3/2009,11.1,1.3
2/3/2009,12.4,-3.3
3/3/2009,0,-5.7
4/3/2009,0,-2.1
5/3/2009,0,2.6
6/3/2009,0.2,9
7/3/2009,0,12.9
8/3/2009,0,15.5
9/3/2009,0,12.7
10/3/2009,0,6.2
11/3/2009,0.1,11.4
12/3/2009,0,5.7
13/3/2009,0.2,3.8
14/3/2009,2.5,4.1
15/3/2009,7.6,5.5
16/3/2009,1.4,6.5
17/3/2009,2.5,6.6
18/3/2009,0,8.9
19/3/2009,2,8.9
20/3/2009,0,6.1
21/3/2009,0,4.4
22/3/2009,0,7.2
23/3/2009,0,5.8
24/3/2009,0,3.2
25/3/2009,0,6
26/3/2009,9.6,7.8
27/3/2009,4.2,10
28/3/2009,29.9,9.7
29/3/2009,8.1,13.1
30/3/2009,0,9.6
31/3/2009,0,7.9
1/4/2009,7.4,10.2
2/4/2009,2.2,11.6
3/4/2009,19.9,14.9
4/4/2009,0,12.6
5/4/2009,0,12.2
6/4/2009,7.3,13.1
7/4/2009,0,6.5
8/4/2009,0,8.2
9/4/2009,0,10.6
10/4/2009,0.1,13.6
11/4/2009,16.6,11.2
12/4/2009,0,8.1
13/4/2009,2.3,7.6
14/4/2009,13.6,8.9
15/4/2009,18,7.8
16/4/2009,0,10
17/4/2009,0,12.5
18/4/2009,0,15.5
19/4/2009,0,13.8
20/4/2009,24.1,11.9
21/4/2009,1.8,13.1
22/4/2009,6,10.7
23/4/2009,0.3,12
24/4/2009,0,14.7
25/4/2009,0,19.8
26/4/2009,0,22.4
27/4/2009,0,22.7
28/4/2009,0,22.5
29/4/2009,3.2,14.9
30/4/2009,0,13.1
1/5/2009,7.2,17.7
2/5/2009,1.1,16.3
3/5/2009,26.3,13.6
4/5/2009,26.1,12
5/5/2009,11,12.5
6/5/2009,5.6,14.3
7/5/2009,13.2,17.6
8/5/2009,0,17.6
9/5/2009,1.1,21.4
10/5/2009,0,18.1
11/5/2009,0,14.1
12/5/2009,0,14.9
13/5/2009,0,16.1
14/5/2009,4.2,18.6
15/5/2009,0.7,19.9
16/5/2009,1.8,20.5
17/5/2009,12.8,16.5
18/5/2009,0,14
19/5/2009,0,14.6
20/5/2009,0,16.8
21/5/2009,0,18.2
22/5/2009,0,20.1
23/5/2009,0.3,21.7
24/5/2009,0.3,21.4
25/5/2009,3,21.5
26/5/2009,11.6,16.9
27/5/2009,0,17.8
28/5/2009,6.3,20.2
29/5/2009,14.5,20.6
30/5/2009,0,20.5
31/5/2009,0.1,21.3
1/6/2009,0,18.4
2/6/2009,0.4,22.3
3/6/2009,9.8,22
4/6/2009,17.2,17.3
5/6/2009,26.3,16.5
6/6/2009,0,18.8
7/6/2009,0,20.9
8/6/2009,0,22.8
9/6/2009,6,22.7
10/6/2009,1.9,22.2
11/6/2009,7.8,22.3
12/6/2009,3.3,24.4
13/6/2009,2.8,23.5
14/6/2009,1.8,22.4
15/6/2009,1.2,22.2
16/6/2009,0.6,20.9
17/6/2009,2.9,18.9
18/6/2009,34.9,21.5
19/6/2009,0,22.2
20/6/2009,11.7,24.1
21/6/2009,0,23.5
22/6/2009,0,23.7
23/6/2009,0,23.8
24/6/2009,0,24.1
25/6/2009,0,24.9
26/6/2009,0,25.7
27/6/2009,0,24.7
28/6/2009,0.4,23.4
29/6/2009,0.1,24.7
30/6/2009,0.1,24.8
1/7/2009,0.3,24.6
2/7/2009,2.8,23.7
3/7/2009,0,22.6
4/7/2009,0,23.9
5/7/2009,0.9,22
6/7/2009,0,23.7
7/7/2009,0,25.4
8/7/2009,0,23.2
9/7/2009,0,22.3
10/7/2009,0,22
11/7/2009,0.1,23.9
12/7/2009,0.2,26.1
13/7/2009,0.4,24.5
14/7/2009,0.3,23.8
15/7/2009,0,24.8
16/7/2009,0,27.2
17/7/2009,5.9,25.9
18/7/2009,0,23.9
19/7/2009,0,23.4
20/7/2009,0,23.9
21/7/2009,0,23.7
22/7/2009,0,25.3
23/7/2009,9.4,24.3
24/7/2009,1,24.2
25/7/2009,0,25.7
26/7/2009,3,26.1
27/7/2009,2.7,25.4
28/7/2009,0.9,26
29/7/2009,12.8,26.1
30/7/2009,0.5,26
31/7/2009,10.4,26.3
1/8/2009,0.3,25.6
2/8/2009,19.5,25.1
3/8/2009,0,25.7
4/8/2009,0,26.8
5/8/2009,0,26.5
6/8/2009,11.8,23.2
7/8/2009,0,23.6
8/8/2009,0,24.7
9/8/2009,0.2,27.7
10/8/2009,0.1,29
11/8/2009,7.6,27.7
12/8/2009,6.5,25.9
13/8/2009,4.2,24.5
14/8/2009,0.6,25
15/8/2009,0,25.7
16/8/2009,0,26.2
17/8/2009,0,26.6
18/8/2009,14,26.9
19/8/2009,0.1,26.8
20/8/2009,0.5,27.6
21/8/2009,6.1,27.4
22/8/2009,32.2,24.9
23/8/2009,4.8,25.8
24/8/2009,0,25.3
25/8/2009,0,25.2
26/8/2009,0.1,26.6
27/8/2009,0,26
28/8/2009,15.8,24.3
29/8/2009,5.5,25.5
30/8/2009,0.2,25.2
31/8/2009,0,20.7
1/9/2009,0,19.8
2/9/2009,0,20.5
3/9/2009,0,20.8
4/9/2009,0,22.7
5/9/2009,0,23.5
6/9/2009,0.1,22.5
7/9/2009,1,21.9
8/9/2009,0.4,21.1
9/9/2009,1.5,21.6
10/9/2009,2.3,19.5
11/9/2009,81.6,16.5
12/9/2009,2.1,18.5
13/9/2009,0,21.6
14/9/2009,0,21.9
15/9/2009,0,22.8
16/9/2009,2.2,20.9
17/9/2009,0,18.8
18/9/2009,0,20.5
19/9/2009,0,18.7
20/9/2009,0,17.9
21/9/2009,0,20
22/9/2009,0.4,22
23/9/2009,0,23.7
24/9/2009,0.2,24.3
25/9/2009,2.5,20.4
26/9/2009,9.4,18
27/9/2009,20.5,20.1
28/9/2009,0.9,19.8
29/9/2009,0,17.3
30/9/2009,1.8,16
1/10/2009,0,14.3
2/10/2009,0.6,18.1
3/10/2009,2.1,20.1
4/10/2009,0,17.7
5/10/2009,0,16.3
6/10/2009,0.5,16.8
7/10/2009,1.2,18.7
8/10/2009,0,15.7
9/10/2009,0.2,21.1
10/10/2009,3.1,19.2
11/10/2009,0,14.8
12/10/2009,0,12.6
13/10/2009,0,15.7
14/10/2009,0.4,10.1
15/10/2009,17.9,9.6
16/10/2009,13.7,7.4
17/10/2009,26.2,8.3
18/10/2009,11.9,9
19/10/2009,0,9.6
20/10/2009,0,13
21/10/2009,0,15.5
22/10/2009,0,16.2
23/10/2009,2.2,16.1
24/10/2009,32.5,19
25/10/2009,0,13.5
26/10/2009,0,12.8
27/10/2009,19.4,13.9
28/10/2009,30.1,16.8
29/10/2009,0,14
30/10/2009,0.2,13.9
31/10/2009,8.8,17.4
1/11/2009,39,12.2
2/11/2009,0,12.1
3/11/2009,0,12.2
4/11/2009,0,9.1
5/11/2009,0.1,10.4
6/11/2009,0,7.7
7/11/2009,0,9.5
8/11/2009,0,13.1
9/11/2009,0,13.7
10/11/2009,0,14.4
11/11/2009,29.7,10.8
12/11/2009,31.7,8.9
13/11/2009,11.4,11.5
14/11/2009,2.4,13.4
15/11/2009,0,14.7
16/11/2009,0,14
17/11/2009,0,10.7
18/11/2009,0,11.6
19/11/2009,13.2,13.9
20/11/2009,9.3,12.5
21/11/2009,0,10.2
22/11/2009,0,9.5
23/11/2009,5.2,10.1
24/11/2009,5.2,10.6
25/11/2009,4.9,11.2
26/11/2009,0,9.3
27/11/2009,2.9,7.8
28/11/2009,0,7.7
29/11/2009,0,9.8
30/11/2009,8.9,10.8
1/12/2009,0,7.3
2/12/2009,12.8,9.4
3/12/2009,7,13.8
4/12/2009,0,8.1
5/12/2009,13.3,5.1
6/12/2009,0,1.8
7/12/2009,0,3.9
8/12/2009,0.7,4.7
9/12/2009,30.7,9.1
10/12/2009,0,5.1
11/12/2009,0,-0.2
12/12/2009,0,2.2
13/12/2009,20.4,5.6
14/12/2009,0,6.8
15/12/2009,0.2,8.9
16/12/2009,0,2.9
17/12/2009,0,0.2
18/12/2009,1,-0.5
19/12/2009,48.4,-1.8
20/12/2009,0.7,-0.7
21/12/2009,0,0.5
22/12/2009,0,1.6
23/12/2009,0,-0.5
24/12/2009,0,-1.4
25/12/2009,9.3,3.2
26/12/2009,24.5,9
27/12/2009,0,5.6
28/12/2009,0,2.6
29/12/2009,0,-0.3
30/12/2009,0,-1.6
31/12/2009,10,1.5
1/1/2010,0.5,3.3
2/1/2010,0,-2.2
3/1/2010,0,-4.6
4/1/2010,0,-1.8
5/1/2010,0,-0.8
6/1/2010,0,0.4
7/1/2010,0,0.4
8/1/2010,1.6,-1.3
9/1/2010,0,-2.5
10/1/2010,0,-3.7
11/1/2010,0,-2.4
12/1/2010,0.1,-0.4
13/1/2010,0,0
14/1/2010,0,1.2
15/1/2010,0,3.8
16/1/2010,0,4.1
17/1/2010,21,4.6
18/1/2010,0.5,6.3
19/1/2010,0,5
20/1/2010,0.5,3.4
21/1/2010,0.4,2
22/1/2010,3.3,2.8
23/1/2010,0,2.1
24/1/2010,0.8,5.3
25/1/2010,24.2,11.2
26/1/2010,0,4.8
27/1/2010,0,2.2
28/1/2010,0,3.4
29/1/2010,0,-4
30/1/2010,9.4,-5.9
31/1/2010,0.3,-5.3
1/2/2010,0,-2.2
2/2/2010,2.5,-0.7
3/2/2010,5,1.2
4/2/2010,0,1
5/2/2010,13.8,0.4
6/2/2010,43.7,-1.8
7/2/2010,0,-4.4
8/2/2010,0,-3.1
9/2/2010,6.2,-2.5
10/2/2010,21.4,-2
11/2/2010,0,0
12/2/2010,0,-0.9
13/2/2010,0,-1.1
14/2/2010,0,-0.6
15/2/2010,1.9,-0.7
16/2/2010,0,-0.4
17/2/2010,0,-0.6
18/2/2010,0,2.7
19/2/2010,0,3.2
20/2/2010,0,2.7
21/2/2010,0,3
22/2/2010,2.1,2.7
23/2/2010,2.5,3.2
24/2/2010,1,3.6
25/2/2010,1.2,2.5
26/2/2010,1.5,0.2
27/2/2010,0.2,2.4
28/2/2010,0.3,3.6
1/3/2010,0,4.9
2/3/2010,1.5,3.2
3/3/2010,3.5,3.4
4/3/2010,0,4.4
5/3/2010,0,4.5
6/3/2010,0,4.6
7/3/2010,0,6.6
8/3/2010,0,7.4
9/3/2010,0,8
10/3/2010,0,8.3
11/3/2010,0,10.2
12/3/2010,30.9,9
13/3/2010,45.4,9.7
14/3/2010,7.5,8.3
15/3/2010,5.3,7.7
16/3/2010,0,9.8
17/3/2010,0,9.7
18/3/2010,0,10.4
19/3/2010,0,12.1
20/3/2010,0,12.8
21/3/2010,0,13.3
22/3/2010,13.5,13.1
23/3/2010,0,9.3
24/3/2010,0,11.9
25/3/2010,0.4,13
26/3/2010,23.7,8.7
27/3/2010,0,4.8
28/3/2010,9.4,9.1
29/3/2010,23,11.7
30/3/2010,8.9,8.8
31/3/2010,0.7,12.8
1/4/2010,0,13.1
2/4/2010,0,13.7
3/4/2010,0,13.1
4/4/2010,0,16
5/4/2010,0,16.4
6/4/2010,0,20.5
7/4/2010,0,22.3
8/4/2010,0.2,21.5
9/4/2010,11.7,12.5
10/4/2010,0,11.5
11/4/2010,0,15.6
12/4/2010,0,15.8
13/4/2010,3.1,11.1
14/4/2010,0,11.2
15/4/2010,0,14.3
16/4/2010,0,19
17/4/2010,0.3,14.5
18/4/2010,0,9.9
19/4/2010,0,12.6
20/4/2010,0,13.6
21/4/2010,8.1,12.7
22/4/2010,0,14.4
23/4/2010,0,15.3
24/4/2010,1,13.4
25/4/2010,27.5,15.2
26/4/2010,4.8,13.7
27/4/2010,2.9,13.8
28/4/2010,0,10.7
29/4/2010,0,13.4
30/4/2010,0,16.9
1/5/2010,0,20.3
2/5/2010,0,22
3/5/2010,2.1,21.4
4/5/2010,0.1,20
5/5/2010,0,18.5
6/5/2010,0,20.5
7/5/2010,0,16.9
8/5/2010,0,19.6
9/5/2010,0,12.5
10/5/2010,0,11.6
11/5/2010,6.2,11
12/5/2010,8.9,15.6
13/5/2010,0.8,12.7
14/5/2010,0,19.5
15/5/2010,0,20.4
16/5/2010,0.7,17.9
17/5/2010,3.4,15.6
18/5/2010,4.7,13
19/5/2010,0.7,14.9
20/5/2010,0,18.6
21/5/2010,0,20.6
22/5/2010,1.8,19.4
23/5/2010,7.9,18.9
24/5/2010,0,19.2
25/5/2010,0,19.9
26/5/2010,0,21.8
27/5/2010,2.8,23.5
28/5/2010,3.7,18.7
29/5/2010,1.9,20.4
30/5/2010,0,23.4
31/5/2010,0,24.8
1/6/2010,6.3,24.4
2/6/2010,0,24.4
3/6/2010,1.6,24.8
4/6/2010,1.7,24.9
5/6/2010,0,26.2
6/6/2010,9.5,25.9
7/6/2010,0.2,21
8/6/2010,0,20.7
9/6/2010,8.4,20.8
10/6/2010,0,24.3
11/6/2010,0,22.5
12/6/2010,0,24.2
13/6/2010,1.2,25.8
14/6/2010,0.6,25.3
15/6/2010,0.3,23.6
16/6/2010,7.3,22.8
17/6/2010,0,24.8
18/6/2010,0,22.3
19/6/2010,0,24.4
20/6/2010,0,26.7
21/6/2010,0,26.2
22/6/2010,1,26.3
23/6/2010,0,27.6
24/6/2010,1.5,28.6
25/6/2010,0,26.3
26/6/2010,0,26.5
27/6/2010,0,28.6
28/6/2010,1.4,28.6
29/6/2010,0,28
30/6/2010,0,23.6
1/7/2010,0,22.7
2/7/2010,0,22.4
3/7/2010,0,24.3
4/7/2010,0,26.5
5/7/2010,0,28.8
6/7/2010,0,30.4
7/7/2010,0,31
8/7/2010,0.4,28.4
9/7/2010,0,26.9
10/7/2010,15.2,24.9
11/7/2010,0,26.3
12/7/2010,2.4,26
13/7/2010,10.7,26
14/7/2010,7.5,25.5
15/7/2010,0,27
16/7/2010,0,28.7
17/7/2010,2.9,27.7
18/7/2010,0.2,28.7
19/7/2010,4.2,27.7
20/7/2010,9.7,27.4
21/7/2010,0,27.8
22/7/2010,0,28.4
23/7/2010,0,29.1
24/7/2010,0,30.9
25/7/2010,6.9,29.1
26/7/2010,0.1,26.2
27/7/2010,0,25.7
28/7/2010,0.1,27.2
29/7/2010,17.6,27.2
30/7/2010,0,24.6
31/7/2010,0.1,24.7
1/8/2010,2.3,23.8
2/8/2010,0,24.4
3/8/2010,0,25.9
4/8/2010,2.3,27.1
5/8/2010,6.1,27
6/8/2010,0,27.2
7/8/2010,0,25.5
8/8/2010,0,26.4
9/8/2010,0,27.2
10/8/2010,0.5,29
11/8/2010,0,29.2
12/8/2010,16,26.4
13/8/2010,8.8,24.2
14/8/2010,0,24.4
15/8/2010,3.8,24.6
16/8/2010,3.5,27.2
17/8/2010,0,27.4
18/8/2010,70.8,23.6
19/8/2010,0,25.2
20/8/2010,0,26.8
21/8/2010,0,26.5
22/8/2010,6.2,26.6
23/8/2010,0.7,24.7
24/8/2010,0.2,21.4
25/8/2010,0,23
26/8/2010,0,24.6
27/8/2010,0,22.9
28/8/2010,0,24.2
29/8/2010,0,25.4
30/8/2010,0,27
31/8/2010,0,26.9
1/9/2010,0,27.7
2/9/2010,0,27.1
3/9/2010,0,26.3
4/9/2010,0,24.7
5/9/2010,0,21.6
6/9/2010,0,23
7/9/2010,0,25.2
8/9/2010,0,27.3
9/9/2010,0,21.1
10/9/2010,0,19.9
11/9/2010,0,20.1
12/9/2010,12.8,19.5
13/9/2010,0,21.4
14/9/2010,0,22.6
15/9/2010,0,21.4
16/9/2010,6,22.8
17/9/2010,1,22.1
18/9/2010,0,19
19/9/2010,0,21.5
20/9/2010,0,21.2
21/9/2010,0,19.3
22/9/2010,0,24.3
23/9/2010,0,24.4
24/9/2010,0,26.4
25/9/2010,0,26.1
26/9/2010,5.6,20.5
27/9/2010,29.6,22.1
28/9/2010,17.9,23.2
29/9/2010,8.2,18.7
30/9/2010,112.8,22.6
1/10/2010,42.1,19.5
2/10/2010,0,16.2
3/10/2010,2.6,15.5
4/10/2010,11.5,12.5
5/10/2010,0,13
6/10/2010,1.3,13.4
7/10/2010,0,17
8/10/2010,0,17.5
9/10/2010,0,18.7
10/10/2010,0,17.8
11/10/2010,0.5,20.8
12/10/2010,0,20.2
13/10/2010,0,15
14/10/2010,25.2,14
15/10/2010,0,13.6
16/10/2010,0,14.4
17/10/2010,0,15.9
18/10/2010,0,14.8
19/10/2010,3.9,13.1
20/10/2010,2.6,12.9
21/10/2010,0,14.2
22/10/2010,0,11.5
23/10/2010,0,13.6
24/10/2010,0,17
25/10/2010,0.2,18.4
26/10/2010,0,19.2
27/10/2010,7.8,20.7
28/10/2010,0,19.6
29/10/2010,0,11.6
30/10/2010,0,10.6
31/10/2010,0,13.3
1/11/2010,0,8.5
2/11/2010,0,6.9
3/11/2010,0.2,10.1
4/11/2010,27.8,10.7
5/11/2010,0.3,10
6/11/2010,0,7.9
7/11/2010,0,7
8/11/2010,0,9.7
9/11/2010,0,11.2
10/11/2010,0,11.4
11/11/2010,0,9.8
12/11/2010,0,9.5
13/11/2010,0,10.5
14/11/2010,0,10.7
15/11/2010,0,10.6
16/11/2010,14,12.4
17/11/2010,3.5,14
18/11/2010,0,10
19/11/2010,0,7.9
20/11/2010,0,10.2
21/11/2010,0,9.1
22/11/2010,0,12.1
23/11/2010,1.1,14.2
24/11/2010,0,8.1
25/11/2010,1.7,8.6
26/11/2010,1,11.3
27/11/2010,0,4.9
28/11/2010,0,4.4
29/11/2010,0,5.9
30/11/2010,1.9,12.2
1/12/2010,20.3,10.8
2/12/2010,0,3.6
3/12/2010,0,3.1
4/12/2010,0,2.4
5/12/2010,0,2.2
6/12/2010,0,0.9
7/12/2010,0,0
8/12/2010,0,-0.9
9/12/2010,0,-1
10/12/2010,0,0.9
11/12/2010,0.1,2.8
12/12/2010,23.8,7.3
13/12/2010,1.4,0.7
14/12/2010,0,-3.9
15/12/2010,0,-3
16/12/2010,3.3,-3.5
17/12/2010,0,-1.4
18/12/2010,0,-0.2
19/12/2010,0,0
20/12/2010,0,-0.5
21/12/2010,0,0.8
22/12/2010,0,2
23/12/2010,0,1.6
24/12/2010,0,1
25/12/2010,0,0.3
26/12/2010,4.9,-1
27/12/2010,1.5,-1
28/12/2010,0,1.6
29/12/2010,0,2.4
30/12/2010,0,2.1
31/12/2010,0,3.6
1/1/2011,2.2,7
2/1/2011,6,7.9
3/1/2011,0,0.6
4/1/2011,0,1.2
5/1/2011,0,1.3
6/1/2011,0,0
7/1/2011,0.3,0.4
8/1/2011,1.5,-1.2
9/1/2011,0,-2.5
10/1/2011,0,-2.3
11/1/2011,4.8,-1.8
12/1/2011,0.8,-1.3
13/1/2011,0,-1.4
14/1/2011,0,-1.2
15/1/2011,0.1,1.6
16/1/2011,0,2.2
17/1/2011,1.6,-0.9
18/1/2011,8.6,1.3
19/1/2011,1.4,3.9
20/1/2011,0,2.3
21/1/2011,2.4,-0.3
22/1/2011,0,-5.7
23/1/2011,0,-4.4
24/1/2011,0,-5.1
25/1/2011,0,1.1
26/1/2011,29.8,1.2
27/1/2011,1.7,0.6
28/1/2011,0.9,-0.1
29/1/2011,0,-0.5
30/1/2011,0,0
31/1/2011,0.2,-1.8
1/2/2011,1.6,0.1
2/2/2011,17.9,4.4
3/2/2011,0,-0.6
4/2/2011,0,0.6
5/2/2011,6.3,2.7
6/2/2011,0,4
7/2/2011,0.5,3.4
8/2/2011,0,1.9
9/2/2011,0.3,-2.7
10/2/2011,0.4,-1.8
11/2/2011,0,-0.5
12/2/2011,0,1.6
13/2/2011,0,4.3
14/2/2011,0,9.2
15/2/2011,0,2.7
16/2/2011,0,4
17/2/2011,0,9.1
18/2/2011,0,12.9
19/2/2011,0,8.7
20/2/2011,0.8,3
21/2/2011,3.8,4.9
22/2/2011,6,-0.9
23/2/2011,0,0.8
24/2/2011,1.9,4.1
25/2/2011,15,8.5
26/2/2011,0,3.4
27/2/2011,0,6.8
28/2/2011,16.2,10.7
1/3/2011,0,4.2
2/3/2011,0,6.5
3/3/2011,0,0
4/3/2011,0,3
5/3/2011,0,9.1
6/3/2011,42.5,9.5
7/3/2011,2.9,4.6
8/3/2011,0,4.5
9/3/2011,0.2,5.5
10/3/2011,44.5,10.3
11/3/2011,1.2,7.6
12/3/2011,0,8
13/3/2011,0,9.6
14/3/2011,0,6.1
15/3/2011,1.7,6.4
16/3/2011,6,8.8
17/3/2011,0,10.5
18/3/2011,0,15
19/3/2011,0,12.6
20/3/2011,0,6.5
21/3/2011,8.2,10.8
22/3/2011,0,11.3
23/3/2011,14.5,8
24/3/2011,2.8,5.3
25/3/2011,0,4
26/3/2011,0,4
27/3/2011,1.3,3.8
28/3/2011,0,3.6
29/3/2011,0,5.2
30/3/2011,6.1,5.9
31/3/2011,5.4,5
1/4/2011,3.3,6.1
2/4/2011,1,7.3
3/4/2011,0.7,9.1
4/4/2011,0.1,15.6
5/4/2011,26.8,12.3
6/4/2011,0,9.7
7/4/2011,0,11.3
8/4/2011,11.5,7.5
9/4/2011,0.4,8.2
10/4/2011,0.5,11.4
11/4/2011,0,18.3
12/4/2011,21.1,15.6
13/4/2011,1.4,11.8
14/4/2011,0,13.5
15/4/2011,0,12.6
16/4/2011,31,12.8
17/4/2011,0,13.4
18/4/2011,0,15.2
19/4/2011,0.2,15.5
20/4/2011,0,19.2
21/4/2011,0,14
22/4/2011,4.5,8.6
23/4/2011,4,14.1
24/4/2011,2.7,19.6
25/4/2011,0.2,20.4
26/4/2011,0,21.4
27/4/2011,0.3,20.7
28/4/2011,7.4,20.7
29/4/2011,0,16.7
30/4/2011,0,13.9
1/5/2011,0.3,14.3
2/5/2011,0,17.2
3/5/2011,0,19.8
4/5/2011,14.8,12.6
5/5/2011,0,13.7
6/5/2011,0,15
7/5/2011,0,15.7
8/5/2011,0,16.7
9/5/2011,0,16.8
10/5/2011,0,16.6
11/5/2011,0.2,16.7
12/5/2011,0,17.3
13/5/2011,0.4,16.8
14/5/2011,13.9,16.9
15/5/2011,24.8,19.1
16/5/2011,0.1,18.9
17/5/2011,19.4,18.6
18/5/2011,17.8,18.5
19/5/2011,7.3,18.3
20/5/2011,0.1,18
21/5/2011,0,20
22/5/2011,0.2,20.4
23/5/2011,5.7,21.7
24/5/2011,0.8,23.3
25/5/2011,0,23.1
26/5/2011,0,25.1
27/5/2011,0.2,24.2
28/5/2011,0.1,23.4
29/5/2011,0,24.3
30/5/2011,0,27.1
31/5/2011,0,27.6
1/6/2011,0,27.5
2/6/2011,0,25.7
3/6/2011,0,21
4/6/2011,0.1,21.3
5/6/2011,1.9,21.8
6/6/2011,0,23
7/6/2011,0,24.6
8/6/2011,0,27
9/6/2011,0,28.9
10/6/2011,1.3,26.9
11/6/2011,19.6,25.5
12/6/2011,3.8,24.9
13/6/2011,0,22.2
14/6/2011,0,20.5
15/6/2011,0,21.5
16/6/2011,7.2,22
17/6/2011,3.7,23.3
18/6/2011,0.5,24.8
19/6/2011,1.6,24.9
20/6/2011,10.6,22
21/6/2011,1.2,23.7
22/6/2011,3.1,25.8
23/6/2011,3.1,25.7
24/6/2011,0.1,25.8
25/6/2011,0,24.5
26/6/2011,0,24
27/6/2011,0.2,24.5
28/6/2011,1.6,25.8
29/6/2011,0,26.4
30/6/2011,0,24.2
1/7/2011,0,25.5
2/7/2011,0,26
3/7/2011,2.6,26.1
4/7/2011,0,26.7
5/7/2011,0,27.4
6/7/2011,0.1,27.2
7/7/2011,1.1,27.4
8/7/2011,13.5,26
9/7/2011,0,26.5
10/7/2011,0,27.1
11/7/2011,0,27.9
12/7/2011,0,29.5
13/7/2011,3.6,27.7
14/7/2011,0,24.6
15/7/2011,0,24.3
16/7/2011,0,25
17/7/2011,0,26.2
18/7/2011,0,27.5
19/7/2011,6.3,28.1
20/7/2011,0.1,27.5
21/7/2011,0,29.5
22/7/2011,0,31.4
23/7/2011,0.2,31.2
24/7/2011,2.9,30
25/7/2011,5.7,27.4
26/7/2011,0,28.4
27/7/2011,0,28.1
28/7/2011,0,28.2
29/7/2011,0,30.7
30/7/2011,0,30.2
31/7/2011,0.4,29.2
1/8/2011,0.8,28.8
2/8/2011,0,28.7
3/8/2011,5.6,27.4
4/8/2011,2.1,25.5
5/8/2011,0,25.5
6/8/2011,0,26.6
7/8/2011,5.8,28.2
8/8/2011,0.2,28.8
9/8/2011,0.5,28.4
10/8/2011,0,28.2
11/8/2011,0,26.4
12/8/2011,0,25.5
13/8/2011,0.6,25.5
14/8/2011,36.2,24.3
15/8/2011,15.5,23.4
16/8/2011,0,24.3
17/8/2011,0,25.4
18/8/2011,1.9,25.6
19/8/2011,5,24.9
20/8/2011,1.8,24.7
21/8/2011,16.7,25.7
22/8/2011,0,24.6
23/8/2011,0,22.3
24/8/2011,0,24
25/8/2011,11.2,25.5
26/8/2011,1.1,25.2
27/8/2011,74.3,24.4
28/8/2011,41.4,24.6
29/8/2011,0.1,22.1
30/8/2011,0,22.8
31/8/2011,0,23.3
1/9/2011,0,23.1
2/9/2011,0.8,23.1
3/9/2011,3.3,23.7
4/9/2011,0,25.1
5/9/2011,5.4,24.7
6/9/2011,40.3,19.2
7/9/2011,24,23.7
8/9/2011,35.7,23.1
9/9/2011,3.5,23.4
10/9/2011,0.1,23.8
11/9/2011,1.4,23.3
12/9/2011,0,22.9
13/9/2011,0,23.5
14/9/2011,0.2,24.4
15/9/2011,0.6,20.9
16/9/2011,0,15
17/9/2011,1.2,16.3
18/9/2011,0,16.8
19/9/2011,0,17.9
20/9/2011,4.3,19.7
21/9/2011,2.1,20.9
22/9/2011,0.3,22.4
23/9/2011,22.2,21.9
24/9/2011,1.4,21.5
25/9/2011,0.1,22
26/9/2011,0,22.8
27/9/2011,8.7,22.7
28/9/2011,16.5,22.7
29/9/2011,7,21.2
30/9/2011,1.3,20.1
1/10/2011,5.1,13.9
2/10/2011,6.1,10.1
3/10/2011,0.6,10.8
4/10/2011,0.1,14.8
5/10/2011,0,17.4
6/10/2011,0,15.4
7/10/2011,0,16
8/10/2011,0,16.5
9/10/2011,0,17.9
10/10/2011,0,19.1
11/10/2011,0,19.3
12/10/2011,10,18.6
13/10/2011,5.6,19.6
14/10/2011,7.3,19
15/10/2011,0,16.9
16/10/2011,0,17
17/10/2011,0,17.9
18/10/2011,0,17.4
19/10/2011,28.3,18.7
20/10/2011,1.3,15.7
21/10/2011,0,12.9
22/10/2011,0,12.2
23/10/2011,0,12.9
24/10/2011,0,14.5
25/10/2011,0,14.4
26/10/2011,0.7,15.7
27/10/2011,7.1,14.9
28/10/2011,2.5,7.7
29/10/2011,34.4,5.1
30/10/2011,0,6.8
31/10/2011,0,9.6
1/11/2011,0,10.6
2/11/2011,0,10.7
3/11/2011,0,11.5
4/11/2011,0,11.2
5/11/2011,0,7.3
6/11/2011,0,9
7/11/2011,0,10.8
8/11/2011,0,11.3
9/11/2011,0,11.1
10/11/2011,1.3,10.8
11/11/2011,0,7.3
12/11/2011,0,9.2
13/11/2011,0,12.2
14/11/2011,0,16.3
15/11/2011,0.6,16.6
16/11/2011,22.5,14.1
17/11/2011,3.1,8.4
18/11/2011,0,4.7
19/11/2011,0,7.6
20/11/2011,1.6,13.2
21/11/2011,6.2,12.7
22/11/2011,21.4,12
23/11/2011,24.1,12.8
24/11/2011,0,9
25/11/2011,0,10.1
26/11/2011,0,10.2
27/11/2011,0,12.7
28/11/2011,0,15.1
29/11/2011,14.3,13.5
30/11/2011,0.2,8.1
1/12/2011,0,6.8
2/12/2011,0,7.3
3/12/2011,0,5.7
4/12/2011,0,8.4
5/12/2011,1.2,10.6
6/12/2011,14.1,14
7/12/2011,73,12.1
8/12/2011,5.1,4.9
9/12/2011,0,6.7
10/12/2011,0,5.4
11/12/2011,0,2.2
12/12/2011,0,3.9
13/12/2011,0,4.6
14/12/2011,0,6.5
15/12/2011,0,11.2
16/12/2011,0,9.4
17/12/2011,0.2,4.3
18/12/2011,0,2.5
19/12/2011,0,5
20/12/2011,0,8.8
21/12/2011,5.9,11.4
22/12/2011,4.7,11.2
23/12/2011,15.1,9.7
24/12/2011,0,5.2
25/12/2011,0,5.2
26/12/2011,0,6.2
27/12/2011,14.9,7.6
28/12/2011,0,5.4
29/12/2011,0.2,2.5
30/12/2011,0.2,6.3
31/12/2011,0.2,10.3
1/1/2012,0.4,8.5
2/1/2012,0,4.5
3/1/2012,0,-1
4/1/2012,0,-3.6
5/1/2012,0,2.8
6/1/2012,0,6.7
7/1/2012,0,9
8/1/2012,0,6.2
9/1/2012,1.6,2.4
10/1/2012,0,4.4
11/1/2012,13.7,4.8
12/1/2012,19.3,9.1
13/1/2012,1.3,4.3
14/1/2012,0,0.2
15/1/2012,0,-1.3
16/1/2012,0.6,0.2
17/1/2012,3.2,8.8
18/1/2012,0,5.3
19/1/2012,0,0.5
20/1/2012,0,0.9
21/1/2012,10.1,-0.1
22/1/2012,0.1,-0.4
23/1/2012,4.2,3.7
24/1/2012,0,7.2
25/1/2012,0.2,4.4
26/1/2012,0.6,6.4
27/1/2012,5.1,10.9
28/1/2012,0,5.9
29/1/2012,0,4.6
30/1/2012,0,3.9
31/1/2012,0,8.9
1/2/2012,0.6,11.9
2/2/2012,5.8,8.2
3/2/2012,0,4.8
4/2/2012,3.1,4.1
5/2/2012,0.8,3.8
6/2/2012,0,4.4
7/2/2012,0,6.3
8/2/2012,2.9,3.2
9/2/2012,0,3.2
10/2/2012,0.2,4
11/2/2012,5.5,2.4
12/2/2012,0.6,-2.3
13/2/2012,0,1.7
14/2/2012,1.7,5.4
15/2/2012,0,6.7
16/2/2012,3.6,5.9
17/2/2012,0,7
18/2/2012,0,6.3
19/2/2012,0,4.5
20/2/2012,0.1,4.3
21/2/2012,0,4.8
22/2/2012,0.4,9.3
23/2/2012,1,11.2
24/2/2012,9.5,10.4
25/2/2012,0,5.4
26/2/2012,0,3.9
27/2/2012,0,7.9
28/2/2012,0,7.5
29/2/2012,20.7,7.7
1/3/2012,0.6,12.7
2/3/2012,6,7.3
3/3/2012,5,10.3
4/3/2012,0,6.6
5/3/2012,0.1,3.5
6/3/2012,0,3
7/3/2012,0,9.6
8/3/2012,0,14.6
9/3/2012,2.7,10.1
10/3/2012,0,4.2
11/3/2012,0,7.9
12/3/2012,1.1,11.9
13/3/2012,2.5,16.3
14/3/2012,0,16.9
15/3/2012,0,15.1
16/3/2012,0,12.4
17/3/2012,0,13.8
18/3/2012,0,12.9
19/3/2012,0,15.3
20/3/2012,1.6,15.8
21/3/2012,0.1,15.1
22/3/2012,0.4,16.2
23/3/2012,0,18
24/3/2012,12.7,14.8
25/3/2012,1.6,13
26/3/2012,0,12.8
27/3/2012,0,7
28/3/2012,0.5,14.5
29/3/2012,0,14.4
30/3/2012,0.7,9
31/3/2012,0.3,10.9
1/4/2012,1.6,10.7
2/4/2012,4.7,11.5
3/4/2012,0,12.4
4/4/2012,0,16.4
5/4/2012,0,11.8
6/4/2012,0,10.3
7/4/2012,0,11.6
8/4/2012,0,14.1
9/4/2012,0.3,14.4
10/4/2012,0.2,13.1
11/4/2012,0.6,8.5
12/4/2012,0,10.4
13/4/2012,0,12.3
14/4/2012,0,15
15/4/2012,0.1,19.6
16/4/2012,0,21.8
17/4/2012,0,20.2
18/4/2012,3.7,13.3
19/4/2012,0.2,14.5
20/4/2012,0,16.1
21/4/2012,0.7,18.5
22/4/2012,46,11
23/4/2012,1.4,8
24/4/2012,0.1,11.6
25/4/2012,0,14.4
26/4/2012,0.8,14.9
27/4/2012,0,12.6
28/4/2012,4,9.5
29/4/2012,4.4,13
30/4/2012,0,13.1
1/5/2012,4.4,19.5
2/5/2012,0,17.3
3/5/2012,0,16.4
4/5/2012,0,19.4
5/5/2012,2.3,19.5
6/5/2012,0,17.2
7/5/2012,0,16.2
8/5/2012,1.7,18.6
9/5/2012,10.5,18.8
10/5/2012,1.1,16.1
11/5/2012,0,16.5
12/5/2012,0,18.6
13/5/2012,0,20.2
14/5/2012,4.1,19
15/5/2012,10.6,20.6
16/5/2012,0.5,21.5
17/5/2012,0,19.6
18/5/2012,0,18.3
19/5/2012,0,19.5
20/5/2012,0.3,20.3
21/5/2012,7.3,19.8
22/5/2012,0.2,20.6
23/5/2012,1,21.6
24/5/2012,1.9,22.1
25/5/2012,1.2,23.3
26/5/2012,0,23.8
27/5/2012,0,24.4
28/5/2012,0.8,25.7
29/5/2012,0.1,26.5
30/5/2012,8.2,23.1
31/5/2012,0,24.4
1/6/2012,11.2,23
2/6/2012,4,20.1
3/6/2012,0,20.9
4/6/2012,0.1,20.4
5/6/2012,0.9,17
6/6/2012,0,18.8
7/6/2012,0,21.1
8/6/2012,0,22.7
9/6/2012,0,25.2
10/6/2012,0,26.4
11/6/2012,0,25.9
12/6/2012,16.7,23.1
13/6/2012,0,23.5
14/6/2012,0,22.3
15/6/2012,0,21.9
16/6/2012,0,21.6
17/6/2012,0,20
18/6/2012,5.5,18.6
19/6/2012,1,23.5
20/6/2012,0,27.8
21/6/2012,0,29.2
22/6/2012,3,27.9
23/6/2012,2,26.6
24/6/2012,0,26.4
25/6/2012,1.6,26.2
26/6/2012,0,22.3
27/6/2012,0,24.9
28/6/2012,0,27.1
29/6/2012,2.4,29.7
30/6/2012,3.8,27.6
1/7/2012,1,28.7
2/7/2012,0,28.6
3/7/2012,0,28.9
4/7/2012,0.1,29.2
5/7/2012,0.7,30.9
6/7/2012,0,30.6
7/7/2012,0,31.9
8/7/2012,6.7,29.8
9/7/2012,29.4,26.1
10/7/2012,0.3,26.2
11/7/2012,0,25.9
12/7/2012,0,25.5
13/7/2012,0,26.4
14/7/2012,4.6,25.2
15/7/2012,2.2,27.3
16/7/2012,2.1,27.8
17/7/2012,0,29.9
18/7/2012,0.8,29.7
19/7/2012,14,27.7
20/7/2012,17.1,24.4
21/7/2012,12.9,22
22/7/2012,0.5,24.1
23/7/2012,0,26.9
24/7/2012,0,28.1
25/7/2012,0,26
26/7/2012,0,28
27/7/2012,3.2,28.1
28/7/2012,2.5,27.4
29/7/2012,0,25.9
30/7/2012,0.1,26
31/7/2012,0.6,25.5
1/8/2012,1.9,25.4
2/8/2012,0.7,27
3/8/2012,0.3,27.7
4/8/2012,0.7,28.3
5/8/2012,2.2,28.7
6/8/2012,3.1,27.2
7/8/2012,0.3,26.8
8/8/2012,0,27.4
9/8/2012,0.4,27.7
10/8/2012,20.8,26.6
11/8/2012,8,25.8
12/8/2012,3.3,25.3
13/8/2012,0.1,25.8
14/8/2012,6.1,25.8
15/8/2012,0.1,25.4
16/8/2012,0,25.8
17/8/2012,1.7,26.7
18/8/2012,1.3,24.3
19/8/2012,1.9,23.1
20/8/2012,2.2,22.5
21/8/2012,0.3,23.3
22/8/2012,0.4,24.6
23/8/2012,0,25.3
24/8/2012,0,25.4
25/8/2012,9.9,23.9
26/8/2012,27.1,23.1
27/8/2012,7.2,25.2
28/8/2012,1.9,26.5
29/8/2012,0,24.4
30/8/2012,0,25.2
31/8/2012,0,27
1/9/2012,3.3,27.4
2/9/2012,8.9,25.2
3/9/2012,18.3,25.4
4/9/2012,10.3,26.5
5/9/2012,20.6,26.5
6/9/2012,0.6,25.4
7/9/2012,0,25.6
8/9/2012,11,24.6
9/9/2012,0.2,21.5
10/9/2012,0,20.2
11/9/2012,0,19.6
12/9/2012,0,21
13/9/2012,0,21.2
14/9/2012,0,22.2
15/9/2012,0,21.1
16/9/2012,0,20.2
17/9/2012,0.7,20.4
18/9/2012,41.4,22.8
19/9/2012,0.9,18.8
20/9/2012,0,18.4
21/9/2012,0,20.4
22/9/2012,0,22.8
23/9/2012,0,17.8
24/9/2012,0,16.5
25/9/2012,0,18.4
26/9/2012,0,22.1
27/9/2012,0,22.4
28/9/2012,3.8,21.8
29/9/2012,0.8,17.9
30/9/2012,0,17.9
1/10/2012,0.2,17.3
2/10/2012,7.1,20.7
3/10/2012,0.2,23.1
4/10/2012,0.4,23
5/10/2012,0,21.4
6/10/2012,0,19.7
7/10/2012,9.2,12
8/10/2012,2.7,10.5
9/10/2012,3,13.6
10/10/2012,1,16.8
11/10/2012,0,12.5
12/10/2012,0,13
13/10/2012,0,10.2
14/10/2012,0,16.6
15/10/2012,9.6,18.2
16/10/2012,0,13.9
17/10/2012,0,13.8
18/10/2012,0.7,16.8
19/10/2012,7.2,18.8
20/10/2012,0,15.4
21/10/2012,0,14
22/10/2012,0,14.7
23/10/2012,0,17
24/10/2012,0,18.6
25/10/2012,0,17.8
26/10/2012,0,17.8
27/10/2012,0,17.1
28/10/2012,16.1,14.4
29/10/2012,103.5,11.8
30/10/2012,34.3,7.5
31/10/2012,0,9
1/11/2012,0,9.4
2/11/2012,0,9
3/11/2012,0,7.9
4/11/2012,0,7.4
5/11/2012,0,6.5
6/11/2012,0,5.1
7/11/2012,3.4,5.2
8/11/2012,1.1,7.4
9/11/2012,0,8
10/11/2012,0,9.6
11/11/2012,0,11.7
12/11/2012,0,14.1
13/11/2012,9.1,8.9
14/11/2012,0,5.8
15/11/2012,0,6.8
16/11/2012,0,7.5
17/11/2012,0,6.9
18/11/2012,0,7.9
19/11/2012,0,8.8
20/11/2012,0,8.6
21/11/2012,0,8
22/11/2012,0,7.6
23/11/2012,0,8.8
24/11/2012,0,5.3
25/11/2012,0,3.5
26/11/2012,0,6.4
27/11/2012,7,6
28/11/2012,0,4.9
29/11/2012,0,4.5
30/11/2012,0,5.4
1/12/2012,0,5.9
2/12/2012,2.2,7.9
3/12/2012,0.1,11.9
4/12/2012,0,12.9
5/12/2012,0,11.9
6/12/2012,0,3.5
7/12/2012,4.6,6.8
8/12/2012,2.5,9.6
9/12/2012,3,9.3
10/12/2012,0.3,12.5
11/12/2012,1.6,9.2
12/12/2012,0,5.8
13/12/2012,0,5.5
14/12/2012,0,5.1
15/12/2012,0,6.1
16/12/2012,1.5,8.7
17/12/2012,4,9.9
18/12/2012,1.2,10.6
19/12/2012,0,7.6
20/12/2012,4.7,6.4
21/12/2012,16.8,7.3
22/12/2012,0,4.2
23/12/2012,0,3.7
24/12/2012,6,3.1
25/12/2012,0,5.2
26/12/2012,35.1,3.8
27/12/2012,1.2,4.3
28/12/2012,0,3.3
29/12/2012,7,3.1
30/12/2012,0,3.1
31/12/2012,0,2.5
1/1/2013,0,5.2
2/1/2013,0,1.4
3/1/2013,0,0.5
4/1/2013,0,2.3
5/1/2013,0,2.9
6/1/2013,0.6,5.3
7/1/2013,0,5.1
8/1/2013,0,4
9/1/2013,0,6
10/1/2013,0,7
11/1/2013,5.2,5.5
12/1/2013,0.1,6.6
13/1/2013,0.5,8.3
14/1/2013,0.9,10.7
15/1/2013,16.2,4.8
16/1/2013,26.5,3.7
17/1/2013,9.1,4.7
18/1/2013,1.1,2
19/1/2013,0,4.7
20/1/2013,0,7.7
21/1/2013,0.1,2.3
22/1/2013,0,-4.3
23/1/2013,0,-5.7
24/1/2013,0.4,-4.5
25/1/2013,2.8,-5.6
26/1/2013,0,-2.4
27/1/2013,0,-1.1
28/1/2013,4.8,2.3
29/1/2013,0,7.4
30/1/2013,1.4,12.1
31/1/2013,10.8,7.4
1/2/2013,3.3,-1.2
2/2/2013,0.3,-3.4
3/2/2013,0,0
4/2/2013,0,-0.4
5/2/2013,0,2.5
6/2/2013,0,3.1
7/2/2013,0,1.3
8/2/2013,9,3.4
9/2/2013,0,0.8
10/2/2013,0,0.7
11/2/2013,13.3,7
12/2/2013,0,7.7
13/2/2013,6.7,3.6
14/2/2013,0.4,3.7
15/2/2013,0.2,5.9
16/2/2013,3.1,2.6
17/2/2013,0,-0.6
18/2/2013,0,-0.6
19/2/2013,4.2,4.5
20/2/2013,0,1.5
21/2/2013,0,-0.2
22/2/2013,1.1,0.5
23/2/2013,3.6,3.7
24/2/2013,0.2,5.5
25/2/2013,0,2.7
26/2/2013,14.4,3.8
27/2/2013,8.2,8.2
28/2/2013,0.9,6.1
1/3/2013,0,4.7
2/3/2013,0,2.5
3/3/2013,0,1.7
4/3/2013,0,2.3
5/3/2013,0,3.1
6/3/2013,26.5,2.9
7/3/2013,0,5.3
8/3/2013,0,5.1
9/3/2013,0,7
10/3/2013,0,7
11/3/2013,0,9.1
12/3/2013,21.8,11
13/3/2013,0.3,5.9
14/3/2013,0,3.8
15/3/2013,0,5.8
16/3/2013,4.4,6.8
17/3/2013,0.2,3.9
18/3/2013,15.8,3.5
19/3/2013,4,7.2
20/3/2013,0.2,6.5
21/3/2013,0,2.3
22/3/2013,0,3
23/3/2013,0,4.9
24/3/2013,1.9,3.4
25/3/2013,13.5,2.1
26/3/2013,0,5.2
27/3/2013,0.2,6.4
28/3/2013,0,6.4
29/3/2013,0.1,8
30/3/2013,0,8.7
31/3/2013,2.2,9.3
1/4/2013,0,10.2
2/4/2013,0,5.8
3/4/2013,0,5.6
4/4/2013,0.2,4.3
5/4/2013,7.8,9
6/4/2013,0,7.6
7/4/2013,0,10.9
8/4/2013,0,15.8
9/4/2013,0,19.3
10/4/2013,1.6,20.5
11/4/2013,0,18.3
12/4/2013,24.8,15.1
13/4/2013,0,13.2
14/4/2013,0,13.6
15/4/2013,0,14.2
16/4/2013,0,16
17/4/2013,2.3,17.4
18/4/2013,3.5,16.9
19/4/2013,16,19.1
20/4/2013,10.3,12.3
21/4/2013,0,8.7
22/4/2013,0,9.2
23/4/2013,0,11.1
24/4/2013,0,15.5
25/4/2013,0,12.7
26/4/2013,0,13.7
27/4/2013,0,14.9
28/4/2013,0.2,14.7
29/4/2013,10.9,14
30/4/2013,4,14.6
1/5/2013,0,14.5
2/5/2013,0,13.8
3/5/2013,0,13.3
4/5/2013,0,13.3
5/5/2013,0,11.6
6/5/2013,0.7,13.5
7/5/2013,14.2,15.9
8/5/2013,3.3,16.3
9/5/2013,1.1,17.1
10/5/2013,0,20
11/5/2013,5.5,20.1
12/5/2013,0.8,16.4
13/5/2013,0,12.2
14/5/2013,0,12.4
15/5/2013,0.4,18.9
16/5/2013,1.6,22.7
17/5/2013,0,20.9
18/5/2013,4.9,17
19/5/2013,0,18.6
20/5/2013,6.7,21.1
21/5/2013,0,22
22/5/2013,0.4,23.5
23/5/2013,2.4,22.1
24/5/2013,3.5,15.9
25/5/2013,0,14.4
26/5/2013,0,16.6
27/5/2013,0,17.3
28/5/2013,3.9,19.9
29/5/2013,0,23.9
30/5/2013,0,24.8
31/5/2013,0,25.2
1/6/2013,0,25.8
2/6/2013,0.4,25.4
3/6/2013,20.7,22.7
4/6/2013,0,20.6
5/6/2013,0,21.1
6/6/2013,10.8,20.8
7/6/2013,80,21.1
8/6/2013,1.2,21.6
9/6/2013,0,23.1
10/6/2013,27.8,23.1
11/6/2013,0.1,24.1
12/6/2013,0,25.2
13/6/2013,23,24.7
14/6/2013,5.8,20.6
15/6/2013,0,22.9
16/6/2013,0.4,24.2
17/6/2013,0.4,25
18/6/2013,10.1,23
19/6/2013,0.8,21.7
20/6/2013,0,22.3
21/6/2013,0,22.4
22/6/2013,0,23.7
23/6/2013,8.6,24.5
24/6/2013,0.5,26.1
25/6/2013,0.7,27
26/6/2013,9.9,26.2
27/6/2013,9,25.2
28/6/2013,7.4,25.6
29/6/2013,0.3,25.6
30/6/2013,8.5,25.7
1/7/2013,19.3,25.1
2/7/2013,16.1,25.1
3/7/2013,10.6,25.8
4/7/2013,0,26.8
5/7/2013,0,27.5
6/7/2013,0,28.4
7/7/2013,0.4,27.8
8/7/2013,1.4,26.3
9/7/2013,3.6,26.5
10/7/2013,0,27.3
11/7/2013,2,26.1
12/7/2013,11.3,23.4
13/7/2013,0.5,25.1
14/7/2013,0,27.3
15/7/2013,0,28.3
16/7/2013,0.2,29.8
17/7/2013,0,29.6
18/7/2013,1.2,29.9
19/7/2013,0.7,30.1
20/7/2013,8.3,29.2
21/7/2013,14.3,27.3
22/7/2013,13,26.6
23/7/2013,3.8,27.2
24/7/2013,0,26.4
25/7/2013,0.5,22.3
26/7/2013,0,23.5
27/7/2013,0.1,24.8
28/7/2013,8.7,25.1
29/7/2013,0,24.1
30/7/2013,0,23.8
31/7/2013,0,24.2
1/8/2013,26.3,24
2/8/2013,0,25
3/8/2013,3.7,23.7
4/8/2013,0,23.5
5/8/2013,0,22.3
6/8/2013,6.1,21.9
7/8/2013,4.4,23.9
8/8/2013,1.9,25.5
9/8/2013,3.2,27.3
10/8/2013,0.2,25.7
11/8/2013,0.8,25.2
12/8/2013,3.1,25.7
13/8/2013,11.1,26
14/8/2013,0,21.4
15/8/2013,0,20.3
16/8/2013,0,21.1
17/8/2013,0,22
18/8/2013,11.3,21.1
19/8/2013,0,21.1
20/8/2013,0,23.7
21/8/2013,0,25.2
22/8/2013,3.7,25.7
23/8/2013,0.4,23.5
24/8/2013,0,22.4
25/8/2013,0,21.8
26/8/2013,0,23.5
27/8/2013,0.7,26.1
28/8/2013,9.9,24.6
29/8/2013,0.8,24.9
30/8/2013,0,24.5
31/8/2013,0,25.9
1/9/2013,0,26.4
2/9/2013,3.5,26.7
3/9/2013,0.4,25.8
4/9/2013,0,22.6
5/9/2013,0,23.8
6/9/2013,0,19.7
7/9/2013,0,21.1
8/9/2013,0.1,24.4
9/9/2013,0,21.6
10/9/2013,0,25.8
11/9/2013,0,27.2
12/9/2013,4.3,25.9
13/9/2013,2.1,22.6
14/9/2013,0,17.6
15/9/2013,0,18.9
16/9/2013,0,19.8
17/9/2013,0,15.7
18/9/2013,0,16
19/9/2013,0,18.6
20/9/2013,0,20.2
21/9/2013,16.3,20.8
22/9/2013,8.1,19
23/9/2013,0,16
24/9/2013,0,15.9
25/9/2013,0,17
26/9/2013,0,18.7
27/9/2013,0,18.2
28/9/2013,0,17.7
29/9/2013,0,17.2
30/9/2013,0,17.6
1/10/2013,0,19.9
2/10/2013,0,22.1
3/10/2013,0,21.5
4/10/2013,0,22.8
5/10/2013,0,23.7
6/10/2013,0,23.9
7/10/2013,14.2,21.2
8/10/2013,0,16.4
9/10/2013,13.3,15.7
10/10/2013,35.9,14.9
11/10/2013,50.7,17.4
12/10/2013,11.8,18.1
13/10/2013,1.6,17.2
14/10/2013,0,15.9
15/10/2013,0,16.4
16/10/2013,0,17.8
17/10/2013,0.5,19.5
18/10/2013,0,16
19/10/2013,0.8,15.2
20/10/2013,0,13.2
21/10/2013,0,13.9
22/10/2013,0,14.6
23/10/2013,2.8,11.3
24/10/2013,0,8.6
25/10/2013,0,8.2
26/10/2013,0,9
27/10/2013,0,11.4
28/10/2013,0,11.4
29/10/2013,0,11.5
30/10/2013,1.4,13.8
31/10/2013,1.1,16.5
1/11/2013,2.2,19.5
2/11/2013,0.1,15.4
3/11/2013,0,10.6
4/11/2013,0,5.5
5/11/2013,0,10
6/11/2013,0,14.2
7/11/2013,2,13.7
8/11/2013,0,8
9/11/2013,0,7.7
10/11/2013,0,11
11/11/2013,0,9.4
12/11/2013,0.7,6.9
13/11/2013,0,3
14/11/2013,0,6.1
15/11/2013,0,7.8
16/11/2013,7.4,10.2
17/11/2013,0,13.5
18/11/2013,3,15.7
19/11/2013,0,8.1
20/11/2013,0,4.5
21/11/2013,0,7
22/11/2013,1.7,11.5
23/11/2013,0,8.2
24/11/2013,0,-0.5
25/11/2013,0,-0.7
26/11/2013,19.8,4.2
27/11/2013,32.7,5.8
28/11/2013,0,1
29/11/2013,0,2.3
30/11/2013,0,1
1/12/2013,0,3.2
2/12/2013,0,5.9
3/12/2013,0,6.6
4/12/2013,0,7.8
5/12/2013,0.1,12
6/12/2013,18.5,10.4
7/12/2013,7.3,4.3
8/12/2013,15.3,0.2
9/12/2013,21.4,2.2
10/12/2013,7.8,1.8
11/12/2013,0,1.5
12/12/2013,0,-0.8
13/12/2013,0,1.8
14/12/2013,18.3,3.7
15/12/2013,3,4.1
16/12/2013,0,1.1
17/12/2013,1.6,2.3
18/12/2013,0.8,1.9
19/12/2013,0,4.7
20/12/2013,0,9.2
21/12/2013,0,13
22/12/2013,2.9,15.7
23/12/2013,23.5,12.3
24/12/2013,0,2.7
25/12/2013,0,-2.1
26/12/2013,0,1.3
27/12/2013,0,2.7
28/12/2013,0,5.3
29/12/2013,29.5,6.6
30/12/2013,0,4.9
31/12/2013,0,2.1
1/1/2014,0,2.2
2/1/2014,5.9,2.2
3/1/2014,5.3,-5.4
4/1/2014,0,-3.6
5/1/2014,4.7,2.6
6/1/2014,7.2,4.3
7/1/2014,0,-10.9
8/1/2014,0,-6.1
9/1/2014,0,-0.2
10/1/2014,13.9,1.1
11/1/2014,17.9,7.9
12/1/2014,0,5.8
13/1/2014,0,5.2
14/1/2014,7.9,7
15/1/2014,1.6,4
16/1/2014,0.3,2
17/1/2014,0,2.7
18/1/2014,0.3,0.2
19/1/2014,0,1.1
20/1/2014,0,5.1
21/1/2014,10.1,-1.5
22/1/2014,0.6,-10.4
23/1/2014,0,-8.2
24/1/2014,0,-8.7
25/1/2014,0.9,-3.7
26/1/2014,0.2,-2.6
27/1/2014,0,1.4
28/1/2014,0.5,-8.1
29/1/2014,1.2,-7.8
30/1/2014,0,-5.9
31/1/2014,0,-0.4
1/2/2014,0,2.3
2/2/2014,0,5.2
3/2/2014,34,3
4/2/2014,0.1,-0.5
5/2/2014,21.7,1.5
6/2/2014,0,-0.5
7/2/2014,0,0.6
8/2/2014,0.2,-1.4
9/2/2014,0.4,-1.1
10/2/2014,0,-1.9
11/2/2014,0,-3.7
12/2/2014,1.1,-4.5
13/2/2014,33.8,0.6
14/2/2014,0.7,3.4
15/2/2014,2.9,1.7
16/2/2014,0,-1.9
17/2/2014,0,-2.4
18/2/2014,3,2.9
19/2/2014,4.3,6.3
20/2/2014,0,4.9
21/2/2014,6.1,8.1
22/2/2014,0,6.6
23/2/2014,0.2,8.5
24/2/2014,3.5,3.9
25/2/2014,1.8,0.2
26/2/2014,1.9,-0.5
27/2/2014,0,-1.2
28/2/2014,0,-6.7
1/3/2014,0,-0.8
2/3/2014,7.3,3.8
3/3/2014,20.8,-3.9
4/3/2014,0,-6.6
5/3/2014,0,-1
6/3/2014,0,-1.6
7/3/2014,0,1.4
8/3/2014,0,5.8
9/3/2014,0.3,5.7
10/3/2014,0,6.5
11/3/2014,0,10.7
12/3/2014,3.1,9.9
13/3/2014,0,-1.1
14/3/2014,0,4.1
15/3/2014,0,11.3
16/3/2014,2.5,4
17/3/2014,11.1,-1.4
18/3/2014,0,2
19/3/2014,6.9,4.1
20/3/2014,0,8.4
21/3/2014,0.1,7.2
22/3/2014,0,10.8
23/3/2014,0,5.9
24/3/2014,0,0.5
25/3/2014,5.4,1.1
26/3/2014,0,0.7
27/3/2014,0,1.9
28/3/2014,1,11.2
29/3/2014,17,10.9
30/3/2014,30.3,6.5
31/3/2014,1.9,9.2
1/4/2014,0,8.5
2/4/2014,0.8,10.3
3/4/2014,0.2,12.1
4/4/2014,6.8,10.1
5/4/2014,0,10.3
6/4/2014,0,7.7
7/4/2014,13.7,8.5
8/4/2014,2.8,13.3
9/4/2014,0,11.7
10/4/2014,0,12.4
11/4/2014,1.5,17
12/4/2014,1.8,15.8
13/4/2014,0,17.7
14/4/2014,0,18.7
15/4/2014,23.3,13.8
16/4/2014,0.3,5.3
17/4/2014,0,7.5
18/4/2014,0,6.9
19/4/2014,0,12.2
20/4/2014,0,11.8
21/4/2014,0,11.3
22/4/2014,1.7,15.1
23/4/2014,0,12.4
24/4/2014,0,11.5
25/4/2014,14.1,12.8
26/4/2014,0.8,15.5
27/4/2014,0,13.6
28/4/2014,7.7,11.8
29/4/2014,11.9,10.2
30/4/2014,53.8,13.9
1/5/2014,5.3,18
2/5/2014,0,16
3/5/2014,0,16
4/5/2014,0,16.6
5/5/2014,0.9,13.7
6/5/2014,0,15.7
7/5/2014,0.4,15
8/5/2014,0.5,19.1
9/5/2014,0,18.3
10/5/2014,1.4,21.1
11/5/2014,0.1,20.4
12/5/2014,0,21.7
13/5/2014,0,21.8
14/5/2014,2.1,17.5
15/5/2014,0.4,21.6
16/5/2014,60.2,19
17/5/2014,0,16
18/5/2014,0,15.4
19/5/2014,0,16.3
20/5/2014,0,18.4
21/5/2014,0.6,19.8
22/5/2014,0.6,21.7
23/5/2014,0,19.6
24/5/2014,0,18.3
25/5/2014,0,20.4
26/5/2014,0,22.3
27/5/2014,1.4,23.8
28/5/2014,12.1,22.1
29/5/2014,12.6,14.9
30/5/2014,2.1,17.7
31/5/2014,0,19.9
1/6/2014,0,18.5
2/6/2014,0,20.1
3/6/2014,0,22.8
4/6/2014,0,23.9
5/6/2014,6.3,21.9
6/6/2014,0,20.8
7/6/2014,0,21.9
8/6/2014,0,22.8
9/6/2014,3.8,23.5
10/6/2014,3.2,24.5
11/6/2014,0,23
12/6/2014,13.2,22.2
13/6/2014,16.1,23.4
14/6/2014,0,21.5
15/6/2014,0,21.2
16/6/2014,0,24.2
17/6/2014,0,27.1
18/6/2014,0,28.9
19/6/2014,1.6,25.5
20/6/2014,0,23.4
21/6/2014,1.5,22.2
22/6/2014,1.1,22.6
23/6/2014,0,23.3
24/6/2014,0,24.2
25/6/2014,6.2,25.8
26/6/2014,0,26
27/6/2014,1.4,25
28/6/2014,0,24.3
29/6/2014,0,24.4
30/6/2014,0,25.2
1/7/2014,0,27.3
2/7/2014,10,28.6
3/7/2014,17.1,26.7
4/7/2014,2.5,23.8
5/7/2014,0,22.7
6/7/2014,0,24.4
7/7/2014,0,27.5
8/7/2014,0,28.5
9/7/2014,7,25.9
10/7/2014,9.7,24.6
11/7/2014,0,24.6
12/7/2014,0,25.7
13/7/2014,1.5,27
14/7/2014,2.9,27.2
15/7/2014,21.3,26.1
16/7/2014,2.6,24.2
17/7/2014,0,23.1
18/7/2014,0,23.4
19/7/2014,0.1,23.5
20/7/2014,0.2,23.8
21/7/2014,0,24.3
22/7/2014,0,25.5
23/7/2014,0,26.9
24/7/2014,8.6,23.9
25/7/2014,0,22.5
26/7/2014,0.3,24.2
27/7/2014,0,25.8
28/7/2014,0.4,25.4
29/7/2014,0,21.2
30/7/2014,0,21.4
31/7/2014,0,24.2
1/8/2014,2.2,23.8